comparison,guide_id,dotmatch_hamming,guide_counter,delta,abs_delta,dataset,dotmatch_exact,mageck_exact
mageck_yusa:dotmatch_hamming_vs_guide_counter,chr18:37412973-37412996,3,29,-26,26,mageck_yusa,,
mageck_yusa:dotmatch_hamming_vs_guide_counter,chr3:138965883-138965906,8,32,-24,24,mageck_yusa,,
mageck_yusa:dotmatch_hamming_vs_guide_counter,chr11:105108802-105108825,0,23,-23,23,mageck_yusa,,
mageck_yusa:dotmatch_hamming_vs_guide_counter,chr2:144259120-144259143,1,24,-23,23,mageck_yusa,,
mageck_yusa:dotmatch_hamming_vs_guide_counter,chr11:117862913-117862936,9,31,-22,22,mageck_yusa,,
mageck_yusa:dotmatch_hamming_vs_guide_counter,chr11:83333150-83333173,0,22,-22,22,mageck_yusa,,
mageck_yusa:dotmatch_hamming_vs_guide_counter,chr10:63047932-63047955,4,25,-21,21,mageck_yusa,,
mageck_yusa:dotmatch_hamming_vs_guide_counter,chr19:29380304-29380327,3,24,-21,21,mageck_yusa,,
mageck_yusa:dotmatch_hamming_vs_guide_counter,chr7:104618098-104618121,3,24,-21,21,mageck_yusa,,
mageck_yusa:dotmatch_hamming_vs_guide_counter,chr10:22711913-22711936,8,28,-20,20,mageck_yusa,,
mageck_yusa:dotmatch_hamming_vs_guide_counter,chr2:36812803-36812826,6,26,-20,20,mageck_yusa,,
mageck_yusa:dotmatch_hamming_vs_guide_counter,chr17:31143147-31143170,5,24,-19,19,mageck_yusa,,
mageck_yusa:dotmatch_hamming_vs_guide_counter,chr1:44211109-44211132,2,21,-19,19,mageck_yusa,,
mageck_yusa:dotmatch_hamming_vs_guide_counter,chr11:69998592-69998615,0,18,-18,18,mageck_yusa,,
mageck_yusa:dotmatch_hamming_vs_guide_counter,chr3:84684335-84684358,6,24,-18,18,mageck_yusa,,
mageck_yusa:dotmatch_hamming_vs_guide_counter,chr8:85171665-85171688,0,18,-18,18,mageck_yusa,,
mageck_yusa:dotmatch_hamming_vs_guide_counter,chr13:96493853-96493876,2,19,-17,17,mageck_yusa,,
mageck_yusa:dotmatch_hamming_vs_guide_counter,chr17:28576185-28576208,2,19,-17,17,mageck_yusa,,
mageck_yusa:dotmatch_hamming_vs_guide_counter,chr1:66715156-66715179,5,22,-17,17,mageck_yusa,,
mageck_yusa:dotmatch_hamming_vs_guide_counter,chr2:150753260-150753283,3,20,-17,17,mageck_yusa,,
mageck_yusa:dotmatch_hamming_vs_guide_counter,chr5:134604768-134604791,4,21,-17,17,mageck_yusa,,
mageck_yusa:dotmatch_hamming_vs_guide_counter,chr6:127732644-127732667,2,19,-17,17,mageck_yusa,,
mageck_yusa:dotmatch_hamming_vs_guide_counter,chr7:103777844-103777867,4,21,-17,17,mageck_yusa,,
mageck_yusa:dotmatch_hamming_vs_guide_counter,chr9:90102372-90102395,11,28,-17,17,mageck_yusa,,
mageck_yusa:dotmatch_hamming_vs_guide_counter,chr14:62934310-62934333,1,17,-16,16,mageck_yusa,,
mageck_yusa:dotmatch_hamming_vs_guide_counter,chr3:108219141-108219164,10,26,-16,16,mageck_yusa,,
mageck_yusa:dotmatch_hamming_vs_guide_counter,chr9:40772459-40772482,1,17,-16,16,mageck_yusa,,
mageck_yusa:dotmatch_hamming_vs_guide_counter,chr11:43835650-43835673,1,16,-15,15,mageck_yusa,,
mageck_yusa:dotmatch_hamming_vs_guide_counter,chr13:14611470-14611493,7,22,-15,15,mageck_yusa,,
mageck_yusa:dotmatch_hamming_vs_guide_counter,chr16:91407703-91407726,8,23,-15,15,mageck_yusa,,
mageck_yusa:dotmatch_hamming_vs_guide_counter,chr17:25943585-25943608,3,18,-15,15,mageck_yusa,,
mageck_yusa:dotmatch_hamming_vs_guide_counter,chr19:12088368-12088391,2,17,-15,15,mageck_yusa,,
mageck_yusa:dotmatch_hamming_vs_guide_counter,chr1:150333074-150333097,2,17,-15,15,mageck_yusa,,
mageck_yusa:dotmatch_hamming_vs_guide_counter,chr1:66930174-66930197,4,19,-15,15,mageck_yusa,,
mageck_yusa:dotmatch_hamming_vs_guide_counter,chr2:65133625-65133648,9,24,-15,15,mageck_yusa,,
mageck_yusa:dotmatch_hamming_vs_guide_counter,chr7:104179968-104179991,6,21,-15,15,mageck_yusa,,
mageck_yusa:dotmatch_hamming_vs_guide_counter,chr7:131373587-131373610,1,16,-15,15,mageck_yusa,,
mageck_yusa:dotmatch_hamming_vs_guide_counter,chr8:11506748-11506771,5,20,-15,15,mageck_yusa,,
mageck_yusa:dotmatch_hamming_vs_guide_counter,chr9:19035570-19035593,3,18,-15,15,mageck_yusa,,
mageck_yusa:dotmatch_hamming_vs_guide_counter,chr10:24077039-24077062,3,17,-14,14,mageck_yusa,,
mageck_yusa:dotmatch_hamming_vs_guide_counter,chr14:104506234-104506257,7,21,-14,14,mageck_yusa,,
mageck_yusa:dotmatch_hamming_vs_guide_counter,chr16:23157189-23157212,0,14,-14,14,mageck_yusa,,
mageck_yusa:dotmatch_hamming_vs_guide_counter,chr17:17970592-17970615,4,18,-14,14,mageck_yusa,,
mageck_yusa:dotmatch_hamming_vs_guide_counter,chr17:35846151-35846174,5,19,-14,14,mageck_yusa,,
mageck_yusa:dotmatch_hamming_vs_guide_counter,chr2:111379544-111379567,3,17,-14,14,mageck_yusa,,
mageck_yusa:dotmatch_hamming_vs_guide_counter,chr2:31486534-31486557,2,16,-14,14,mageck_yusa,,
mageck_yusa:dotmatch_hamming_vs_guide_counter,chr2:88958879-88958902,1,15,-14,14,mageck_yusa,,
mageck_yusa:dotmatch_hamming_vs_guide_counter,chr5:114870256-114870279,2,16,-14,14,mageck_yusa,,
mageck_yusa:dotmatch_hamming_vs_guide_counter,chr5:135563360-135563383,3,17,-14,14,mageck_yusa,,
mageck_yusa:dotmatch_hamming_vs_guide_counter,chr7:104068616-104068639,2,16,-14,14,mageck_yusa,,
mageck_yusa:dotmatch_exact_vs_mageck_exact,chr10:100064111-100064134,,,0,0,mageck_yusa,1,1
mageck_yusa:dotmatch_exact_vs_mageck_exact,chr10:100064115-100064138,,,0,0,mageck_yusa,0,0
mageck_yusa:dotmatch_exact_vs_mageck_exact,chr10:100076865-100076888,,,0,0,mageck_yusa,3,3
mageck_yusa:dotmatch_exact_vs_mageck_exact,chr10:100076871-100076894,,,0,0,mageck_yusa,3,3
mageck_yusa:dotmatch_exact_vs_mageck_exact,chr10:100079974-100079997,,,0,0,mageck_yusa,1,1
mageck_yusa:dotmatch_exact_vs_mageck_exact,chr10:100466221-100466244,,,0,0,mageck_yusa,4,4
mageck_yusa:dotmatch_exact_vs_mageck_exact,chr10:100471366-100471389,,,0,0,mageck_yusa,0,0
mageck_yusa:dotmatch_exact_vs_mageck_exact,chr10:100471474-100471497,,,0,0,mageck_yusa,3,3
mageck_yusa:dotmatch_exact_vs_mageck_exact,chr10:100476558-100476581,,,0,0,mageck_yusa,0,0
mageck_yusa:dotmatch_exact_vs_mageck_exact,chr10:100476728-100476751,,,0,0,mageck_yusa,0,0
mageck_yusa:dotmatch_exact_vs_mageck_exact,chr10:100510654-100510677,,,0,0,mageck_yusa,1,1
mageck_yusa:dotmatch_exact_vs_mageck_exact,chr10:100513993-100514016,,,0,0,mageck_yusa,4,4
mageck_yusa:dotmatch_exact_vs_mageck_exact,chr10:100516217-100516240,,,0,0,mageck_yusa,5,5
mageck_yusa:dotmatch_exact_vs_mageck_exact,chr10:100531179-100531202,,,0,0,mageck_yusa,1,1
mageck_yusa:dotmatch_exact_vs_mageck_exact,chr10:100537511-100537534,,,0,0,mageck_yusa,5,5
mageck_yusa:dotmatch_exact_vs_mageck_exact,chr10:100577247-100577270,,,0,0,mageck_yusa,2,2
mageck_yusa:dotmatch_exact_vs_mageck_exact,chr10:100577259-100577282,,,0,0,mageck_yusa,2,2
mageck_yusa:dotmatch_exact_vs_mageck_exact,chr10:100577260-100577283,,,0,0,mageck_yusa,1,1
mageck_yusa:dotmatch_exact_vs_mageck_exact,chr10:100577277-100577300,,,0,0,mageck_yusa,3,3
mageck_yusa:dotmatch_exact_vs_mageck_exact,chr10:100583976-100583999,,,0,0,mageck_yusa,3,3
mageck_yusa:dotmatch_exact_vs_mageck_exact,chr10:100601931-100601954,,,0,0,mageck_yusa,4,4
mageck_yusa:dotmatch_exact_vs_mageck_exact,chr10:100601932-100601955,,,0,0,mageck_yusa,6,6
mageck_yusa:dotmatch_exact_vs_mageck_exact,chr10:100603534-100603557,,,0,0,mageck_yusa,10,10
mageck_yusa:dotmatch_exact_vs_mageck_exact,chr10:100603543-100603566,,,0,0,mageck_yusa,3,3
mageck_yusa:dotmatch_exact_vs_mageck_exact,chr10:100605665-100605688,,,0,0,mageck_yusa,1,1
mageck_yusa:dotmatch_exact_vs_mageck_exact,chr10:102385106-102385129,,,0,0,mageck_yusa,4,4
mageck_yusa:dotmatch_exact_vs_mageck_exact,chr10:102388403-102388426,,,0,0,mageck_yusa,10,10
mageck_yusa:dotmatch_exact_vs_mageck_exact,chr10:102388733-102388756,,,0,0,mageck_yusa,0,0
mageck_yusa:dotmatch_exact_vs_mageck_exact,chr10:102388764-102388787,,,0,0,mageck_yusa,2,2
mageck_yusa:dotmatch_exact_vs_mageck_exact,chr10:102388776-102388799,,,0,0,mageck_yusa,1,1
mageck_yusa:dotmatch_exact_vs_mageck_exact,chr10:102484934-102484957,,,0,0,mageck_yusa,6,6
mageck_yusa:dotmatch_exact_vs_mageck_exact,chr10:102484968-102484991,,,0,0,mageck_yusa,2,2
mageck_yusa:dotmatch_exact_vs_mageck_exact,chr10:102484975-102484998,,,0,0,mageck_yusa,1,1
mageck_yusa:dotmatch_exact_vs_mageck_exact,chr10:102485018-102485041,,,0,0,mageck_yusa,3,3
mageck_yusa:dotmatch_exact_vs_mageck_exact,chr10:102544903-102544926,,,0,0,mageck_yusa,3,3
mageck_yusa:dotmatch_exact_vs_mageck_exact,chr10:102544929-102544952,,,0,0,mageck_yusa,1,1
mageck_yusa:dotmatch_exact_vs_mageck_exact,chr10:102545127-102545150,,,0,0,mageck_yusa,0,0
mageck_yusa:dotmatch_exact_vs_mageck_exact,chr10:102545221-102545244,,,0,0,mageck_yusa,1,1
mageck_yusa:dotmatch_exact_vs_mageck_exact,chr10:102545287-102545310,,,0,0,mageck_yusa,4,4
mageck_yusa:dotmatch_exact_vs_mageck_exact,chr10:103028389-103028412,,,0,0,mageck_yusa,0,0
mageck_yusa:dotmatch_exact_vs_mageck_exact,chr10:103028410-103028433,,,0,0,mageck_yusa,0,0
mageck_yusa:dotmatch_exact_vs_mageck_exact,chr10:103028415-103028438,,,0,0,mageck_yusa,2,2
mageck_yusa:dotmatch_exact_vs_mageck_exact,chr10:103028466-103028489,,,0,0,mageck_yusa,2,2
mageck_yusa:dotmatch_exact_vs_mageck_exact,chr10:103028470-103028493,,,0,0,mageck_yusa,0,0
mageck_yusa:dotmatch_exact_vs_mageck_exact,chr10:103215674-103215697,,,0,0,mageck_yusa,0,0
mageck_yusa:dotmatch_exact_vs_mageck_exact,chr10:103215868-103215891,,,0,0,mageck_yusa,1,1
mageck_yusa:dotmatch_exact_vs_mageck_exact,chr10:103221306-103221329,,,0,0,mageck_yusa,1,1
mageck_yusa:dotmatch_exact_vs_mageck_exact,chr10:103223723-103223746,,,0,0,mageck_yusa,2,2
mageck_yusa:dotmatch_exact_vs_mageck_exact,chr10:103223735-103223758,,,0,0,mageck_yusa,0,0
mageck_yusa:dotmatch_exact_vs_mageck_exact,chr10:103393461-103393484,,,0,0,mageck_yusa,3,3
sanson_brunello:dotmatch_hamming_vs_guide_counter,CSNK1E_4075_TCCTTCGGAGATATCTACCT,2,23,-21,21,sanson_brunello,,
sanson_brunello:dotmatch_hamming_vs_guide_counter,TSPY1_19656_GGCGCCTCTGCGGTCTAGGT,1,22,-21,21,sanson_brunello,,
sanson_brunello:dotmatch_hamming_vs_guide_counter,TSPY3_74583_GCGCCTCTGCGGTCTAGGTG,0,20,-20,20,sanson_brunello,,
sanson_brunello:dotmatch_hamming_vs_guide_counter,TSPY8_74691_CGGCGCCTCTGCGGTCTAGG,1,21,-20,20,sanson_brunello,,
sanson_brunello:dotmatch_hamming_vs_guide_counter,KRTAP2-4_54779_CACCACAGCCGTGCACGACG,1,20,-19,19,sanson_brunello,,
sanson_brunello:dotmatch_hamming_vs_guide_counter,MAGEA6_11018_CTCTAGTTGAAGTCACCCTG,1,20,-19,19,sanson_brunello,,
sanson_brunello:dotmatch_hamming_vs_guide_counter,SPATA31A5_74511_CAGGATCGACGCACACACAC,0,18,-18,18,sanson_brunello,,
sanson_brunello:dotmatch_hamming_vs_guide_counter,ANXA8L1_74573_TGTGAGCAGCTTTGTGGACC,6,23,-17,17,sanson_brunello,,
sanson_brunello:dotmatch_hamming_vs_guide_counter,KRTAP2-1_52001_CCACAGCCGTGCACGACGAG,2,19,-17,17,sanson_brunello,,
sanson_brunello:dotmatch_hamming_vs_guide_counter,KRTAP2-3_75072_ACCACAGCCGTGCACGACGA,0,16,-16,16,sanson_brunello,,
sanson_brunello:dotmatch_hamming_vs_guide_counter,OR2F2_60404_TGATGGCCGAGTATCGCAGG,9,25,-16,16,sanson_brunello,,
sanson_brunello:dotmatch_hamming_vs_guide_counter,LIMS3L_75692_ACAGTGTTAAGGGCTGCTCG,3,18,-15,15,sanson_brunello,,
sanson_brunello:dotmatch_hamming_vs_guide_counter,CT47A2_74562_CAACTCAGCCGCCTGATGGT,0,14,-14,14,sanson_brunello,,
sanson_brunello:dotmatch_hamming_vs_guide_counter,GAGE10_76418_CATAGGCCCAATCATTTCAG,0,14,-14,14,sanson_brunello,,
sanson_brunello:dotmatch_hamming_vs_guide_counter,LOC400927-CSNK1E_76436_GTCCTTCGGAGATATCTACC,9,23,-14,14,sanson_brunello,,
sanson_brunello:dotmatch_hamming_vs_guide_counter,SAA4_16783_CTTTCCAGGGGTTGGGGACA,12,26,-14,14,sanson_brunello,,
sanson_brunello:dotmatch_hamming_vs_guide_counter,SPRR2A_18108_TGGCTCTGGGCACTTTGGCG,7,21,-14,14,sanson_brunello,,
sanson_brunello:dotmatch_hamming_vs_guide_counter,TMEM189-UBE2V1_70777_ACCAACACCGAGTATGACGA,1,14,-13,13,sanson_brunello,,
sanson_brunello:dotmatch_hamming_vs_guide_counter,TMSB4X_19347_TTCTCGATCTCAGCCATATC,2,15,-13,13,sanson_brunello,,
sanson_brunello:dotmatch_hamming_vs_guide_counter,BPY2_23806_CAATAGTACCTGTGAAAATC,2,14,-12,12,sanson_brunello,,
sanson_brunello:dotmatch_hamming_vs_guide_counter,CXCL3_7828_GCAGCGCAGTTCAGTGACCA,4,16,-12,12,sanson_brunello,,
sanson_brunello:dotmatch_hamming_vs_guide_counter,CD200R1L_69640_GTACTGTTGAGAGAATAACC,1,12,-11,11,sanson_brunello,,
sanson_brunello:dotmatch_hamming_vs_guide_counter,CDY2B_65131_CTGCACCAGGATGTGACAAA,0,11,-11,11,sanson_brunello,,
sanson_brunello:dotmatch_hamming_vs_guide_counter,DEFA3_4681_CAAGCTTTCGTCCCATGCAA,2,13,-11,11,sanson_brunello,,
sanson_brunello:dotmatch_hamming_vs_guide_counter,LOC388436_71032_TTTCCAAGGCCTTGTCAAGT,0,11,-11,11,sanson_brunello,,
sanson_brunello:dotmatch_hamming_vs_guide_counter,MAP1LC3B2_73764_GTGATAATAGAACGATACAA,0,11,-11,11,sanson_brunello,,
sanson_brunello:dotmatch_hamming_vs_guide_counter,NUMB_22567_GATGACCAAACCAGTGACAG,7,18,-11,11,sanson_brunello,,
sanson_brunello:dotmatch_hamming_vs_guide_counter,POC1B-GALNT4_76082_ATTAGGACCAATAAGCGAGA,0,11,-11,11,sanson_brunello,,
sanson_brunello:dotmatch_hamming_vs_guide_counter,PRR20B_74855_GGGACGCTGGCCAGAGACAG,0,11,-11,11,sanson_brunello,,
sanson_brunello:dotmatch_hamming_vs_guide_counter,PRR20C_74861_GGACGCTGGCCAGAGACAGG,0,11,-11,11,sanson_brunello,,
sanson_brunello:dotmatch_hamming_vs_guide_counter,SAA2-SAA4_76077_TTTCCAGGGGTTGGGGACAT,14,25,-11,11,sanson_brunello,,
sanson_brunello:dotmatch_hamming_vs_guide_counter,LIMS3_56766_CAGTGTTAAGGGCTGCTCGG,5,15,-10,10,sanson_brunello,,
sanson_brunello:dotmatch_hamming_vs_guide_counter,SSX2_18305_AAACGGGCCGAAGACTTCCA,1,11,-10,10,sanson_brunello,,
sanson_brunello:dotmatch_hamming_vs_guide_counter,EIF3C_22605_AGGATGCGGATATAGAACCG,0,9,-9,9,sanson_brunello,,
sanson_brunello:dotmatch_hamming_vs_guide_counter,MTRNR2L2_75779_CTTGTATGAATGGCTCCACG,2,11,-9,9,sanson_brunello,,
sanson_brunello:dotmatch_hamming_vs_guide_counter,OR2F1_34757_CATGATGGCCGAGTATCGCA,19,28,-9,9,sanson_brunello,,
sanson_brunello:dotmatch_hamming_vs_guide_counter,POLR2J2_66229_ATGGTGAATAAGCAGGCCTT,0,9,-9,9,sanson_brunello,,
sanson_brunello:dotmatch_hamming_vs_guide_counter,SPRR2D_18113_GCTGTGGACACTTTGGTGAT,0,9,-9,9,sanson_brunello,,
sanson_brunello:dotmatch_hamming_vs_guide_counter,SPRR2D_18115_GGCTGTGGACACTTTGGTGA,5,14,-9,9,sanson_brunello,,
sanson_brunello:dotmatch_hamming_vs_guide_counter,TBC1D3_74997_AGAAACTAACAAGAAAGAAG,0,9,-9,9,sanson_brunello,,
sanson_brunello:dotmatch_hamming_vs_guide_counter,TSPY3_74585_GTGTGTGCGAGTGCCAAGGA,1,10,-9,9,sanson_brunello,,
sanson_brunello:dotmatch_hamming_vs_guide_counter,ZNF700_55550_TTCAAGCATTCGAAGACACA,0,9,-9,9,sanson_brunello,,
sanson_brunello:dotmatch_hamming_vs_guide_counter,ARL17A_38511_CATCAAGGCTCACTTGCCAG,2,10,-8,8,sanson_brunello,,
sanson_brunello:dotmatch_hamming_vs_guide_counter,KRTAP12-1_70155_GCTCACGGGCACGCACACAG,9,17,-8,8,sanson_brunello,,
sanson_brunello:dotmatch_hamming_vs_guide_counter,MBD3L2_58997_ATGCAGCTGGTGAGTCTCAT,0,8,-8,8,sanson_brunello,,
sanson_brunello:dotmatch_hamming_vs_guide_counter,PLGLB2_14159_GGTATTCACATAGTCATCCA,0,8,-8,8,sanson_brunello,,
sanson_brunello:dotmatch_hamming_vs_guide_counter,SOX15_18001_CCGACTACAAGTACCGGCCT,3,11,-8,8,sanson_brunello,,
sanson_brunello:dotmatch_hamming_vs_guide_counter,TMEM189_70774_CCAACACCGAGTATGACGAG,5,13,-8,8,sanson_brunello,,
sanson_brunello:dotmatch_hamming_vs_guide_counter,TSPY8_74692_GCTCCTCCAGTGCAGACTCT,0,8,-8,8,sanson_brunello,,
sanson_brunello:dotmatch_hamming_vs_guide_counter,TSPY8_74693_GGTGTGTGCGAGTGCCAAGG,3,11,-8,8,sanson_brunello,,
sanson_brunello:dotmatch_exact_vs_mageck_exact,Non-Targeting-Control_77331_TGAACGGTGAAGAGATAGGG,,,71,71,sanson_brunello,71,0
sanson_brunello:dotmatch_exact_vs_mageck_exact,MYZAP_76222_AAGAAATGGTGGTGTATGGG,,,63,63,sanson_brunello,63,0
sanson_brunello:dotmatch_exact_vs_mageck_exact,Non-Targeting-Control_76641_ATCAAGTCAGGTTATGCGGG,,,58,58,sanson_brunello,58,0
sanson_brunello:dotmatch_exact_vs_mageck_exact,TAOK1_45811_ATGATGGCAAAGTAGATGTG,,,53,53,sanson_brunello,53,0
sanson_brunello:dotmatch_exact_vs_mageck_exact,Non-Targeting-Control_76926_CTCTCTCCTACCTGTCCACC,,,52,52,sanson_brunello,52,0
sanson_brunello:dotmatch_exact_vs_mageck_exact,Non-Targeting-Control_76479_AAGGACTGGAATATGGAGAG,,,49,49,sanson_brunello,49,0
sanson_brunello:dotmatch_exact_vs_mageck_exact,Non-Targeting-Control_76721_CAGACCTAGCTCCGCTCCCA,,,48,48,sanson_brunello,48,0
sanson_brunello:dotmatch_exact_vs_mageck_exact,NOG_24280_TAGGGTCTGGGTGTTCGATG,,,46,46,sanson_brunello,46,0
sanson_brunello:dotmatch_exact_vs_mageck_exact,Non-Targeting-Control_77071_GCTAGTGTCGTGGGGGATGA,,,46,46,sanson_brunello,46,0
sanson_brunello:dotmatch_exact_vs_mageck_exact,VIPAS39_47081_GTAATGGTCCTGTATGTGTG,,,46,46,sanson_brunello,46,0
sanson_brunello:dotmatch_exact_vs_mageck_exact,Non-Targeting-Control_77135_GGGCGTGTATGTTCGTATTG,,,43,43,sanson_brunello,43,0
sanson_brunello:dotmatch_exact_vs_mageck_exact,Non-Targeting-Control_77276_TATGACCCTGTTACATTGCC,,,43,43,sanson_brunello,43,0
sanson_brunello:dotmatch_exact_vs_mageck_exact,PHYH_13881_CAGATACTGCACTCTCCCCG,,,43,43,sanson_brunello,43,0
sanson_brunello:dotmatch_exact_vs_mageck_exact,PRAC2_70221_ATCCGAAAAAAAGTGTGTGT,,,43,43,sanson_brunello,43,0
sanson_brunello:dotmatch_exact_vs_mageck_exact,NLRX1_49586_TTCTGGACTGGTGTTATGGG,,,42,42,sanson_brunello,42,0
sanson_brunello:dotmatch_exact_vs_mageck_exact,Non-Targeting-Control_76593_AGGGATCGTTAGGAAGGGAA,,,42,42,sanson_brunello,42,0
sanson_brunello:dotmatch_exact_vs_mageck_exact,LILRA1_29887_ACTCGAACTCTCCCCATGTG,,,40,40,sanson_brunello,40,0
sanson_brunello:dotmatch_exact_vs_mageck_exact,Non-Targeting-Control_76529_ACGGTTATGGTCTCATGGGG,,,40,40,sanson_brunello,40,0
sanson_brunello:dotmatch_exact_vs_mageck_exact,FAM167A_52326_GAGGTGGTCATCGGGTGGTG,,,39,39,sanson_brunello,39,0
sanson_brunello:dotmatch_exact_vs_mageck_exact,Non-Targeting-Control_76470_AAGAAGAATTGGGGATGATG,,,38,38,sanson_brunello,38,0
sanson_brunello:dotmatch_exact_vs_mageck_exact,ZNF705B_75435_GCAAGGAAAAGAGCTGTGGT,,,38,38,sanson_brunello,38,0
sanson_brunello:dotmatch_exact_vs_mageck_exact,ZNF860_69630_GAATTCTAGTGTGTTGTGTG,,,38,38,sanson_brunello,38,0
sanson_brunello:dotmatch_exact_vs_mageck_exact,CEACAM18_74982_CAAGGGATATCGGACTGTCG,,,37,37,sanson_brunello,37,0
sanson_brunello:dotmatch_exact_vs_mageck_exact,EPYC_5106_ACCTGACCTTCATTTGTGTG,,,37,37,sanson_brunello,37,0
sanson_brunello:dotmatch_exact_vs_mageck_exact,Non-Targeting-Control_76563_AGAGGGATTGGGAGCTTGAC,,,37,37,sanson_brunello,37,0
sanson_brunello:dotmatch_exact_vs_mageck_exact,Non-Targeting-Control_77423_TTGTACGGTACTGGCTTTGT,,,37,37,sanson_brunello,37,0
sanson_brunello:dotmatch_exact_vs_mageck_exact,Non-Targeting-Control_76483_AAGTGACAGATGGGCAGGCG,,,36,36,sanson_brunello,36,0
sanson_brunello:dotmatch_exact_vs_mageck_exact,Non-Targeting-Control_77265_TAGTGGGAATGGTCGCGTAG,,,36,36,sanson_brunello,36,0
sanson_brunello:dotmatch_exact_vs_mageck_exact,Non-Targeting-Control_77345_TGAGTCTTACTAGGTCCTGT,,,36,36,sanson_brunello,36,0
sanson_brunello:dotmatch_exact_vs_mageck_exact,ECSCR_73670_CTCATGGTGGTTGAATTGGG,,,35,35,sanson_brunello,35,0
sanson_brunello:dotmatch_exact_vs_mageck_exact,KRTAP3-2_52653_GGGGACACTGCAGCTGCGAG,,,34,34,sanson_brunello,34,0
sanson_brunello:dotmatch_exact_vs_mageck_exact,Non-Targeting-Control_76557_AGAATGCCATCTAGTTAGTA,,,34,34,sanson_brunello,34,0
sanson_brunello:dotmatch_exact_vs_mageck_exact,Non-Targeting-Control_76659_ATCTGTGTGACTGCGGTCGG,,,34,34,sanson_brunello,34,0
sanson_brunello:dotmatch_exact_vs_mageck_exact,Non-Targeting-Control_76691_CAAAAGTCTCGCTTGGTCCT,,,34,34,sanson_brunello,34,0
sanson_brunello:dotmatch_exact_vs_mageck_exact,PPFIA2_22106_CATCTCTTCGCACACCCATG,,,34,34,sanson_brunello,34,0
sanson_brunello:dotmatch_exact_vs_mageck_exact,SRPK3_35181_TCGGCGACGTGTTCAATGGG,,,34,34,sanson_brunello,34,0
sanson_brunello:dotmatch_exact_vs_mageck_exact,TADA1_57884_AGTGGGAAGCATCATTGTGT,,,34,34,sanson_brunello,34,0
sanson_brunello:dotmatch_exact_vs_mageck_exact,ZRANB3_52888_ACCCTAGACACCCTTATGTG,,,34,34,sanson_brunello,34,0
sanson_brunello:dotmatch_exact_vs_mageck_exact,Non-Targeting-Control_76552_ACTTCCCACTTCTTAGGTTG,,,33,33,sanson_brunello,33,0
sanson_brunello:dotmatch_exact_vs_mageck_exact,Non-Targeting-Control_76612_AGTGGGGCGCTAAGTGGGGG,,,33,33,sanson_brunello,33,0
sanson_brunello:dotmatch_exact_vs_mageck_exact,Non-Targeting-Control_76804_CCTCTCACCGACTCTGTGTC,,,33,33,sanson_brunello,33,0
sanson_brunello:dotmatch_exact_vs_mageck_exact,Non-Targeting-Control_77401_TTCCACGGTAAAATCGGTCA,,,33,33,sanson_brunello,33,0
sanson_brunello:dotmatch_exact_vs_mageck_exact,Non-Targeting-Control_77431_TTTCCCATGATCATTTAGTG,,,33,33,sanson_brunello,33,0
sanson_brunello:dotmatch_exact_vs_mageck_exact,SLC15A2_17641_AGGTGCAGTTTGGAATAGTG,,,33,33,sanson_brunello,33,0
sanson_brunello:dotmatch_exact_vs_mageck_exact,SLCO1B1_28624_GACTAACCATGACCTATGAT,,,33,33,sanson_brunello,33,0
sanson_brunello:dotmatch_exact_vs_mageck_exact,TM4SF5_23644_TTGCAAGTCTGGCTCATGGG,,,33,33,sanson_brunello,33,0
sanson_brunello:dotmatch_exact_vs_mageck_exact,CLN3_3405_ATTTGATGACGAGTGTGGGG,,,32,32,sanson_brunello,32,0
sanson_brunello:dotmatch_exact_vs_mageck_exact,Non-Targeting-Control_76451_AAACGGTACGACAGCGTGTG,,,32,32,sanson_brunello,32,0
sanson_brunello:dotmatch_exact_vs_mageck_exact,Non-Targeting-Control_76797_CCTACTCCCGTGTGTTATCC,,,32,32,sanson_brunello,32,0
sanson_brunello:dotmatch_exact_vs_mageck_exact,Non-Targeting-Control_77004_GAGGACCTTAAGGTGACATG,,,32,32,sanson_brunello,32,0
