tool,workload,error_mode,n_reads,n_targets,len,k,err,indel_rate,seconds,reads_per_sec,candidates_per_read,verified_per_read,peak_rss_kb,checksum,mismatches
dotmatch_indexed,synthetic_barcode,exact,10,96,16,0,0.000,0.000,0.000002,4999998.3,1.00,1.00,1472,9072,0
dotmatch_scan,synthetic_barcode,exact,10,96,16,0,0.000,0.000,0.000005,1999996.4,96.00,96.00,1472,9072,0
edlib_native_scan,synthetic_barcode,exact,10,96,16,0,0.000,0.000,0.000931,10741.1,96.00,96.00,1472,9072,0
exact_hash_lookup,synthetic_barcode,exact,10,96,16,0,0.000,0.000,0.000030,333333.4,1.00,1.00,1488,9072,0
dotmatch_indexed,synthetic_barcode,one_substitution,10,96,16,0,0.000,0.000,0.000002,4999998.3,0.00,0.00,1488,0,0
dotmatch_scan,synthetic_barcode,one_substitution,10,96,16,0,0.000,0.000,0.000006,1666666.1,96.00,96.00,1488,0,0
edlib_native_scan,synthetic_barcode,one_substitution,10,96,16,0,0.000,0.000,0.000934,10706.6,96.00,96.00,1488,0,0
exact_hash_lookup,synthetic_barcode,one_substitution,10,96,16,0,0.000,0.000,0.000012,833333.1,0.00,0.00,1488,0,0
dotmatch_indexed,synthetic_barcode,one_substitution,10,96,16,0,0.005,0.000,0.000002,4999998.3,0.00,0.00,1488,0,0
dotmatch_scan,synthetic_barcode,one_substitution,10,96,16,0,0.005,0.000,0.000005,1999996.4,96.00,96.00,1488,0,0
edlib_native_scan,synthetic_barcode,one_substitution,10,96,16,0,0.005,0.000,0.000885,11299.4,96.00,96.00,1488,0,0
exact_hash_lookup,synthetic_barcode,one_substitution,10,96,16,0,0.005,0.000,0.000011,909090.0,0.00,0.00,1488,0,0
dotmatch_indexed,synthetic_barcode,one_substitution,10,96,16,0,0.010,0.000,0.000002,4999998.3,0.00,0.00,1504,0,0
dotmatch_scan,synthetic_barcode,one_substitution,10,96,16,0,0.010,0.000,0.000005,2000002.2,96.00,96.00,1504,0,0
edlib_native_scan,synthetic_barcode,one_substitution,10,96,16,0,0.010,0.000,0.000895,11173.2,96.00,96.00,1504,0,0
exact_hash_lookup,synthetic_barcode,one_substitution,10,96,16,0,0.010,0.000,0.000013,769230.9,0.00,0.00,1504,0,0
dotmatch_indexed,synthetic_barcode,one_substitution,10,96,16,0,0.030,0.000,0.000002,4999998.3,0.00,0.00,1552,0,0
dotmatch_scan,synthetic_barcode,one_substitution,10,96,16,0,0.030,0.000,0.000006,1666666.1,96.00,96.00,1552,0,0
edlib_native_scan,synthetic_barcode,one_substitution,10,96,16,0,0.030,0.000,0.000870,11494.3,96.00,96.00,1552,0,0
exact_hash_lookup,synthetic_barcode,one_substitution,10,96,16,0,0.030,0.000,0.000014,714285.5,0.00,0.00,1568,0,0
dotmatch_indexed,synthetic_barcode,exact,10,96,16,1,0.000,0.000,0.000110,90909.1,1.00,1.00,1616,9174,0
dotmatch_scan,synthetic_barcode,exact,10,96,16,1,0.000,0.000,0.000164,60975.6,96.00,96.00,1616,9174,0
edlib_native_scan,synthetic_barcode,exact,10,96,16,1,0.000,0.000,0.001712,5841.1,96.00,96.00,1616,9174,0
bk_tree,synthetic_barcode,exact,10,96,16,1,0.000,0.000,0.000408,24509.8,18.60,18.60,1616,9174,0
neighbor_lookup,synthetic_barcode,exact,10,96,16,1,0.000,0.000,0.000123,81300.8,1.00,1.00,1632,9174,0
dotmatch_indexed,synthetic_barcode,one_substitution,10,96,16,1,0.000,0.000,0.000147,68027.2,1.00,1.00,1632,8447,0
dotmatch_scan,synthetic_barcode,one_substitution,10,96,16,1,0.000,0.000,0.000177,56497.2,96.00,96.00,1632,8447,0
edlib_native_scan,synthetic_barcode,one_substitution,10,96,16,1,0.000,0.000,0.001232,8116.9,96.00,96.00,1632,8447,0
bk_tree,synthetic_barcode,one_substitution,10,96,16,1,0.000,0.000,0.000141,70922.0,23.30,23.30,1648,8447,0
neighbor_lookup,synthetic_barcode,one_substitution,10,96,16,1,0.000,0.000,0.000115,86956.5,1.00,1.00,1648,8447,0
dotmatch_indexed,synthetic_barcode,one_substitution,10,96,16,1,0.005,0.000,0.000113,88495.6,1.00,1.00,1664,10521,0
dotmatch_scan,synthetic_barcode,one_substitution,10,96,16,1,0.005,0.000,0.000166,60241.0,96.00,96.00,1664,10521,0
edlib_native_scan,synthetic_barcode,one_substitution,10,96,16,1,0.005,0.000,0.001246,8025.7,96.00,96.00,1664,10521,0
bk_tree,synthetic_barcode,one_substitution,10,96,16,1,0.005,0.000,0.000116,86206.9,16.50,16.50,1664,10521,0
neighbor_lookup,synthetic_barcode,one_substitution,10,96,16,1,0.005,0.000,0.000122,81967.2,1.00,1.00,1664,10521,0
dotmatch_indexed,synthetic_barcode,one_substitution,10,96,16,1,0.010,0.000,0.000107,93457.9,1.00,1.00,1664,10419,0
dotmatch_scan,synthetic_barcode,one_substitution,10,96,16,1,0.010,0.000,0.000148,67567.6,96.00,96.00,1664,10419,0
edlib_native_scan,synthetic_barcode,one_substitution,10,96,16,1,0.010,0.000,0.001218,8210.2,96.00,96.00,1664,10419,0
bk_tree,synthetic_barcode,one_substitution,10,96,16,1,0.010,0.000,0.000119,84033.6,19.20,19.20,1664,10419,0
neighbor_lookup,synthetic_barcode,one_substitution,10,96,16,1,0.010,0.000,0.000103,97087.4,1.00,1.00,1664,10419,0
dotmatch_indexed,synthetic_barcode,one_substitution,10,96,16,1,0.030,0.000,0.000112,89285.7,1.00,1.00,1696,8345,0
dotmatch_scan,synthetic_barcode,one_substitution,10,96,16,1,0.030,0.000,0.000151,66225.2,96.00,96.00,1696,8345,0
edlib_native_scan,synthetic_barcode,one_substitution,10,96,16,1,0.030,0.000,0.001220,8196.7,96.00,96.00,1696,8345,0
bk_tree,synthetic_barcode,one_substitution,10,96,16,1,0.030,0.000,0.000130,76923.1,21.90,21.90,1696,8345,0
neighbor_lookup,synthetic_barcode,one_substitution,10,96,16,1,0.030,0.000,0.000103,97087.4,1.00,1.00,1696,8345,0
dotmatch_indexed,synthetic_barcode,exact,10,737,16,0,0.000,0.000,0.000003,3333340.3,1.00,1.00,1808,71343,0
dotmatch_scan,synthetic_barcode,exact,10,737,16,0,0.000,0.000,0.000038,263157.9,737.00,737.00,1808,71343,0
edlib_native_scan,synthetic_barcode,exact,10,737,16,0,0.000,0.000,0.007433,1345.4,737.00,737.00,1808,71343,0
exact_hash_lookup,synthetic_barcode,exact,10,737,16,0,0.000,0.000,0.000088,113636.4,1.00,1.00,1856,71343,0
dotmatch_indexed,synthetic_barcode,one_substitution,10,737,16,0,0.000,0.000,0.000002,4999998.3,0.00,0.00,1888,0,0
dotmatch_scan,synthetic_barcode,one_substitution,10,737,16,0,0.000,0.000,0.000038,263157.9,737.00,737.00,1888,0,0
edlib_native_scan,synthetic_barcode,one_substitution,10,737,16,0,0.000,0.000,0.007006,1427.3,737.00,737.00,1888,0,0
exact_hash_lookup,synthetic_barcode,one_substitution,10,737,16,0,0.000,0.000,0.000072,138888.9,0.00,0.00,1888,0,0
dotmatch_indexed,synthetic_barcode,one_substitution,10,737,16,0,0.005,0.000,0.000002,4999998.3,0.00,0.00,1888,0,0
dotmatch_scan,synthetic_barcode,one_substitution,10,737,16,0,0.005,0.000,0.000038,263157.9,737.00,737.00,1888,0,0
edlib_native_scan,synthetic_barcode,one_substitution,10,737,16,0,0.005,0.000,0.007472,1338.3,737.00,737.00,1888,0,0
exact_hash_lookup,synthetic_barcode,one_substitution,10,737,16,0,0.005,0.000,0.000074,135135.1,0.00,0.00,1888,0,0
dotmatch_indexed,synthetic_barcode,one_substitution,10,737,16,0,0.010,0.000,0.000002,4999998.3,0.00,0.00,1888,0,0
dotmatch_scan,synthetic_barcode,one_substitution,10,737,16,0,0.010,0.000,0.000038,263157.9,737.00,737.00,1888,0,0
edlib_native_scan,synthetic_barcode,one_substitution,10,737,16,0,0.010,0.000,0.006842,1461.6,737.00,737.00,1888,0,0
exact_hash_lookup,synthetic_barcode,one_substitution,10,737,16,0,0.010,0.000,0.000073,136986.3,0.00,0.00,1888,0,0
dotmatch_indexed,synthetic_barcode,one_substitution,10,737,16,0,0.030,0.000,0.000003,3333340.3,0.00,0.00,1888,0,0
dotmatch_scan,synthetic_barcode,one_substitution,10,737,16,0,0.030,0.000,0.000038,263157.8,737.00,737.00,1888,0,0
edlib_native_scan,synthetic_barcode,one_substitution,10,737,16,0,0.030,0.000,0.007139,1400.8,737.00,737.00,1888,0,0
exact_hash_lookup,synthetic_barcode,one_substitution,10,737,16,0,0.030,0.000,0.000076,131579.0,0.00,0.00,1888,0,0
dotmatch_indexed,synthetic_barcode,exact,10,737,16,1,0.000,0.000,0.000116,86206.9,1.00,1.00,1888,57182,0
dotmatch_scan,synthetic_barcode,exact,10,737,16,1,0.000,0.000,0.001137,8795.1,737.00,737.00,1888,57182,0
edlib_native_scan,synthetic_barcode,exact,10,737,16,1,0.000,0.000,0.009786,1021.9,737.00,737.00,1888,57182,0
bk_tree,synthetic_barcode,exact,10,737,16,1,0.000,0.000,0.000995,10050.3,78.70,78.70,1984,57182,0
neighbor_lookup,synthetic_barcode,exact,10,737,16,1,0.000,0.000,0.000209,47846.9,1.00,1.00,2016,57182,0
dotmatch_indexed,synthetic_barcode,one_substitution,10,737,16,1,0.000,0.000,0.000119,84033.6,1.00,1.00,2016,56659,0
dotmatch_scan,synthetic_barcode,one_substitution,10,737,16,1,0.000,0.000,0.001252,7987.2,737.00,737.00,2016,56659,0
edlib_native_scan,synthetic_barcode,one_substitution,10,737,16,1,0.000,0.000,0.009758,1024.8,737.00,737.00,2016,56659,0
bk_tree,synthetic_barcode,one_substitution,10,737,16,1,0.000,0.000,0.001012,9881.4,84.50,84.50,2032,56659,0
neighbor_lookup,synthetic_barcode,one_substitution,10,737,16,1,0.000,0.000,0.000194,51546.4,1.00,1.00,2032,56659,0
dotmatch_indexed,synthetic_barcode,one_substitution,10,737,16,1,0.005,0.000,0.000113,88495.6,1.00,1.00,2032,67777,0
dotmatch_scan,synthetic_barcode,one_substitution,10,737,16,1,0.005,0.000,0.001126,8881.0,737.00,737.00,2032,67777,0
edlib_native_scan,synthetic_barcode,one_substitution,10,737,16,1,0.005,0.000,0.009981,1001.9,737.00,737.00,2032,67777,0
bk_tree,synthetic_barcode,one_substitution,10,737,16,1,0.005,0.000,0.000933,10718.1,67.70,67.70,2032,67777,0
neighbor_lookup,synthetic_barcode,one_substitution,10,737,16,1,0.005,0.000,0.000195,51282.1,1.00,1.00,2032,67777,0
dotmatch_indexed,synthetic_barcode,one_substitution,10,737,16,1,0.010,0.000,0.000121,82644.6,1.00,1.00,2032,60399,0
dotmatch_scan,synthetic_barcode,one_substitution,10,737,16,1,0.010,0.000,0.001241,8058.0,737.00,737.00,2032,60399,0
edlib_native_scan,synthetic_barcode,one_substitution,10,737,16,1,0.010,0.000,0.012416,805.4,737.00,737.00,2032,60399,0
bk_tree,synthetic_barcode,one_substitution,10,737,16,1,0.010,0.000,0.001169,8554.3,71.40,71.40,2032,60399,0
neighbor_lookup,synthetic_barcode,one_substitution,10,737,16,1,0.010,0.000,0.000242,41322.3,1.00,1.00,2032,60399,0
dotmatch_indexed,synthetic_barcode,one_substitution,10,737,16,1,0.030,0.000,0.000141,70922.0,1.00,1.00,2032,57322,0
dotmatch_scan,synthetic_barcode,one_substitution,10,737,16,1,0.030,0.000,0.001824,5482.5,737.00,737.00,2032,57322,0
edlib_native_scan,synthetic_barcode,one_substitution,10,737,16,1,0.030,0.000,0.011652,858.2,737.00,737.00,2032,57322,0
bk_tree,synthetic_barcode,one_substitution,10,737,16,1,0.030,0.000,0.000978,10224.9,78.40,78.40,2032,57322,0
neighbor_lookup,synthetic_barcode,one_substitution,10,737,16,1,0.030,0.000,0.000195,51282.1,1.00,1.00,2032,57322,0
dotmatch_indexed,synthetic_barcode,exact,10,4096,16,0,0.000,0.000,0.000003,3333340.3,1.00,1.00,2480,272011,0
dotmatch_scan,synthetic_barcode,exact,10,4096,16,0,0.000,0.000,0.000211,47393.4,4096.00,4096.00,2480,272011,0
edlib_native_scan,synthetic_barcode,exact,10,4096,16,0,0.000,0.000,0.041048,243.6,4096.00,4096.00,2480,272011,0
exact_hash_lookup,synthetic_barcode,exact,10,4096,16,0,0.000,0.000,0.000477,20964.4,1.00,1.00,2720,272011,0
dotmatch_indexed,synthetic_barcode,one_substitution,10,4096,16,0,0.000,0.000,0.000003,3333340.3,0.00,0.00,2736,0,0
dotmatch_scan,synthetic_barcode,one_substitution,10,4096,16,0,0.000,0.000,0.000218,45871.6,4096.00,4096.00,2736,0,0
edlib_native_scan,synthetic_barcode,one_substitution,10,4096,16,0,0.000,0.000,0.037714,265.2,4096.00,4096.00,2736,0,0
exact_hash_lookup,synthetic_barcode,one_substitution,10,4096,16,0,0.000,0.000,0.000387,25839.8,0.00,0.00,2736,0,0
dotmatch_indexed,synthetic_barcode,one_substitution,10,4096,16,0,0.005,0.000,0.000002,4999998.3,0.00,0.00,2736,0,0
dotmatch_scan,synthetic_barcode,one_substitution,10,4096,16,0,0.005,0.000,0.000176,56818.2,4096.00,4096.00,2736,0,0
edlib_native_scan,synthetic_barcode,one_substitution,10,4096,16,0,0.005,0.000,0.041958,238.3,4096.00,4096.00,2736,0,0
exact_hash_lookup,synthetic_barcode,one_substitution,10,4096,16,0,0.005,0.000,0.000457,21881.8,0.00,0.00,2832,0,0
dotmatch_indexed,synthetic_barcode,one_substitution,10,4096,16,0,0.010,0.000,0.000005,2000002.2,0.00,0.00,2992,0,0
dotmatch_scan,synthetic_barcode,one_substitution,10,4096,16,0,0.010,0.000,0.000222,45045.0,4096.00,4096.00,2992,0,0
edlib_native_scan,synthetic_barcode,one_substitution,10,4096,16,0,0.010,0.000,0.037863,264.1,4096.00,4096.00,2992,0,0
exact_hash_lookup,synthetic_barcode,one_substitution,10,4096,16,0,0.010,0.000,0.000326,30674.8,0.00,0.00,3072,0,0
dotmatch_indexed,synthetic_barcode,one_substitution,10,4096,16,0,0.030,0.000,0.000002,4999998.3,0.00,0.00,3072,0,0
dotmatch_scan,synthetic_barcode,one_substitution,10,4096,16,0,0.030,0.000,0.000230,43478.3,4096.00,4096.00,3072,0,0
edlib_native_scan,synthetic_barcode,one_substitution,10,4096,16,0,0.030,0.000,0.030354,329.4,4096.00,4096.00,3072,0,0
exact_hash_lookup,synthetic_barcode,one_substitution,10,4096,16,0,0.030,0.000,0.000313,31948.9,0.00,0.00,3072,0,0
dotmatch_indexed,synthetic_barcode,exact,10,4096,16,1,0.000,0.000,0.000174,57471.3,1.00,1.00,3104,246817,0
dotmatch_scan,synthetic_barcode,exact,10,4096,16,1,0.000,0.000,0.004671,2140.9,4096.00,4096.00,3104,246817,0
edlib_native_scan,synthetic_barcode,exact,10,4096,16,1,0.000,0.000,0.036763,272.0,4096.00,4096.00,3104,246817,0
bk_tree,synthetic_barcode,exact,10,4096,16,1,0.000,0.000,0.005898,1695.5,250.50,250.50,3408,246817,0
neighbor_lookup,synthetic_barcode,exact,10,4096,16,1,0.000,0.000,0.000484,20661.2,1.00,1.00,3664,246817,0
dotmatch_indexed,synthetic_barcode,one_substitution,10,4096,16,1,0.000,0.000,0.000130,76923.1,1.00,1.00,3664,339386,0
dotmatch_scan,synthetic_barcode,one_substitution,10,4096,16,1,0.000,0.000,0.004002,2498.8,4096.00,4096.00,3664,339386,0
edlib_native_scan,synthetic_barcode,one_substitution,10,4096,16,1,0.000,0.000,0.034227,292.2,4096.00,4096.00,3664,339386,0
bk_tree,synthetic_barcode,one_substitution,10,4096,16,1,0.000,0.000,0.005287,1891.4,238.50,238.50,3664,339386,0
neighbor_lookup,synthetic_barcode,one_substitution,10,4096,16,1,0.000,0.000,0.000468,21367.5,1.00,1.00,3664,339386,0
dotmatch_indexed,synthetic_barcode,one_substitution,10,4096,16,1,0.005,0.000,0.000136,73529.4,1.00,1.00,3664,379319,0
dotmatch_scan,synthetic_barcode,one_substitution,10,4096,16,1,0.005,0.000,0.004438,2253.3,4096.00,4096.00,3664,379319,0
edlib_native_scan,synthetic_barcode,one_substitution,10,4096,16,1,0.005,0.000,0.040660,245.9,4096.00,4096.00,3664,379319,0
bk_tree,synthetic_barcode,one_substitution,10,4096,16,1,0.005,0.000,0.007234,1382.4,239.30,239.30,3664,379319,0
neighbor_lookup,synthetic_barcode,one_substitution,10,4096,16,1,0.005,0.000,0.000601,16638.9,1.00,1.00,3664,379319,0
dotmatch_indexed,synthetic_barcode,one_substitution,10,4096,16,1,0.010,0.000,0.000161,62111.8,1.00,1.00,3664,374406,0
dotmatch_scan,synthetic_barcode,one_substitution,10,4096,16,1,0.010,0.000,0.005247,1905.9,4096.00,4096.00,3664,374406,0
edlib_native_scan,synthetic_barcode,one_substitution,10,4096,16,1,0.010,0.000,0.041098,243.3,4096.00,4096.00,3664,374406,0
bk_tree,synthetic_barcode,one_substitution,10,4096,16,1,0.010,0.000,0.005567,1796.3,224.90,224.90,3664,374406,0
neighbor_lookup,synthetic_barcode,one_substitution,10,4096,16,1,0.010,0.000,0.000443,22573.4,1.00,1.00,3664,374406,0
dotmatch_indexed,synthetic_barcode,one_substitution,10,4096,16,1,0.030,0.000,0.000131,76335.9,1.00,1.00,3664,338094,0
dotmatch_scan,synthetic_barcode,one_substitution,10,4096,16,1,0.030,0.000,0.004303,2324.0,4096.00,4096.00,3664,338094,0
edlib_native_scan,synthetic_barcode,one_substitution,10,4096,16,1,0.030,0.000,0.036085,277.1,4096.00,4096.00,3664,338094,0
bk_tree,synthetic_barcode,one_substitution,10,4096,16,1,0.030,0.000,0.005018,1992.8,217.30,217.30,3664,338094,0
neighbor_lookup,synthetic_barcode,one_substitution,10,4096,16,1,0.030,0.000,0.000383,26109.7,1.00,1.00,3664,338094,0
dotmatch_indexed,synthetic_barcode,exact,10,96,24,0,0.000,0.000,0.000003,3333324.1,1.00,1.00,3664,12217,0
dotmatch_scan,synthetic_barcode,exact,10,96,24,0,0.000,0.000,0.000004,2500008.2,96.00,96.00,3664,12217,0
edlib_native_scan,synthetic_barcode,exact,10,96,24,0,0.000,0.000,0.000551,18148.8,96.00,96.00,3664,12217,0
exact_hash_lookup,synthetic_barcode,exact,10,96,24,0,0.000,0.000,0.000025,400000.0,1.00,1.00,3680,12217,0
dotmatch_indexed,synthetic_barcode,one_substitution,10,96,24,0,0.000,0.000,0.000002,4999998.3,0.00,0.00,3696,0,0
dotmatch_scan,synthetic_barcode,one_substitution,10,96,24,0,0.000,0.000,0.000004,2500008.2,96.00,96.00,3696,0,0
edlib_native_scan,synthetic_barcode,one_substitution,10,96,24,0,0.000,0.000,0.000533,18761.7,96.00,96.00,3696,0,0
exact_hash_lookup,synthetic_barcode,one_substitution,10,96,24,0,0.000,0.000,0.000013,769230.9,0.00,0.00,3696,0,0
dotmatch_indexed,synthetic_barcode,one_substitution,10,96,24,0,0.005,0.000,0.000002,4999998.3,0.00,0.00,3696,0,0
dotmatch_scan,synthetic_barcode,one_substitution,10,96,24,0,0.005,0.000,0.000003,3333324.1,96.00,96.00,3696,0,0
edlib_native_scan,synthetic_barcode,one_substitution,10,96,24,0,0.005,0.000,0.000536,18656.7,96.00,96.00,3696,0,0
exact_hash_lookup,synthetic_barcode,one_substitution,10,96,24,0,0.005,0.000,0.000013,769230.9,0.00,0.00,3696,0,0
dotmatch_indexed,synthetic_barcode,one_substitution,10,96,24,0,0.010,0.000,0.000003,3333340.3,0.00,0.00,3696,0,0
dotmatch_scan,synthetic_barcode,one_substitution,10,96,24,0,0.010,0.000,0.000003,3333340.3,96.00,96.00,3696,0,0
edlib_native_scan,synthetic_barcode,one_substitution,10,96,24,0,0.010,0.000,0.000549,18214.9,96.00,96.00,3696,0,0
exact_hash_lookup,synthetic_barcode,one_substitution,10,96,24,0,0.010,0.000,0.000013,769230.9,0.00,0.00,3696,0,0
dotmatch_indexed,synthetic_barcode,one_substitution,10,96,24,0,0.030,0.000,0.000003,3333340.3,0.00,0.00,3696,0,0
dotmatch_scan,synthetic_barcode,one_substitution,10,96,24,0,0.030,0.000,0.000003,3333324.1,96.00,96.00,3696,0,0
edlib_native_scan,synthetic_barcode,one_substitution,10,96,24,0,0.030,0.000,0.000537,18622.0,96.00,96.00,3696,0,0
exact_hash_lookup,synthetic_barcode,one_substitution,10,96,24,0,0.030,0.000,0.000013,769230.9,0.00,0.00,3696,0,0
dotmatch_indexed,synthetic_barcode,exact,10,96,24,1,0.000,0.000,0.000155,64516.1,1.00,1.00,3728,12812,0
dotmatch_scan,synthetic_barcode,exact,10,96,24,1,0.000,0.000,0.000098,102040.8,96.00,96.00,3728,12812,0
edlib_native_scan,synthetic_barcode,exact,10,96,24,1,0.000,0.000,0.000919,10881.4,96.00,96.00,3728,12812,0
bk_tree,synthetic_barcode,exact,10,96,24,1,0.000,0.000,0.000126,79365.1,18.80,18.80,3728,12812,0
neighbor_lookup,synthetic_barcode,exact,10,96,24,1,0.000,0.000,0.000253,39525.7,1.00,1.00,3776,12812,0
dotmatch_indexed,synthetic_barcode,one_substitution,10,96,24,1,0.000,0.000,0.000167,59880.2,1.00,1.00,3776,9552,0
dotmatch_scan,synthetic_barcode,one_substitution,10,96,24,1,0.000,0.000,0.000094,106383.0,96.00,96.00,3776,9552,0
edlib_native_scan,synthetic_barcode,one_substitution,10,96,24,1,0.000,0.000,0.000807,12391.6,96.00,96.00,3776,9552,0
bk_tree,synthetic_barcode,one_substitution,10,96,24,1,0.000,0.000,0.000110,90909.1,14.30,14.30,3776,9552,0
neighbor_lookup,synthetic_barcode,one_substitution,10,96,24,1,0.000,0.000,0.000172,58139.5,1.00,1.00,3776,9552,0
dotmatch_indexed,synthetic_barcode,one_substitution,10,96,24,1,0.005,0.000,0.000168,59523.8,1.00,1.00,3776,10198,0
dotmatch_scan,synthetic_barcode,one_substitution,10,96,24,1,0.005,0.000,0.000092,108695.6,96.00,96.00,3776,10198,0
edlib_native_scan,synthetic_barcode,one_substitution,10,96,24,1,0.005,0.000,0.000795,12578.6,96.00,96.00,3776,10198,0
bk_tree,synthetic_barcode,one_substitution,10,96,24,1,0.005,0.000,0.000117,85470.1,17.50,17.50,3776,10198,0
neighbor_lookup,synthetic_barcode,one_substitution,10,96,24,1,0.005,0.000,0.000168,59523.8,1.00,1.00,3776,10198,0
dotmatch_indexed,synthetic_barcode,one_substitution,10,96,24,1,0.010,0.000,0.000158,63291.1,1.00,1.00,3776,10538,0
dotmatch_scan,synthetic_barcode,one_substitution,10,96,24,1,0.010,0.000,0.000095,105263.2,96.00,96.00,3776,10538,0
edlib_native_scan,synthetic_barcode,one_substitution,10,96,24,1,0.010,0.000,0.000809,12360.9,96.00,96.00,3776,10538,0
bk_tree,synthetic_barcode,one_substitution,10,96,24,1,0.010,0.000,0.000107,93457.9,14.40,14.40,3776,10538,0
neighbor_lookup,synthetic_barcode,one_substitution,10,96,24,1,0.010,0.000,0.000166,60241.0,1.00,1.00,3776,10538,0
dotmatch_indexed,synthetic_barcode,one_substitution,10,96,24,1,0.030,0.000,0.000161,62111.8,1.00,1.00,3776,10334,0
dotmatch_scan,synthetic_barcode,one_substitution,10,96,24,1,0.030,0.000,0.000093,107526.9,96.00,96.00,3776,10334,0
edlib_native_scan,synthetic_barcode,one_substitution,10,96,24,1,0.030,0.000,0.000805,12422.4,96.00,96.00,3776,10334,0
bk_tree,synthetic_barcode,one_substitution,10,96,24,1,0.030,0.000,0.000116,86206.9,17.20,17.20,3776,10334,0
neighbor_lookup,synthetic_barcode,one_substitution,10,96,24,1,0.030,0.000,0.000163,61349.7,1.00,1.00,3776,10334,0
dotmatch_indexed,synthetic_barcode,exact,10,737,24,0,0.000,0.000,0.000003,3333340.3,1.00,1.00,3808,76613,0
dotmatch_scan,synthetic_barcode,exact,10,737,24,0,0.000,0.000,0.000024,416666.5,737.00,737.00,3808,76613,0
edlib_native_scan,synthetic_barcode,exact,10,737,24,0,0.000,0.000,0.004478,2233.1,737.00,737.00,3808,76613,0
exact_hash_lookup,synthetic_barcode,exact,10,737,24,0,0.000,0.000,0.000106,94339.6,1.00,1.00,3840,76613,0
dotmatch_indexed,synthetic_barcode,one_substitution,10,737,24,0,0.000,0.000,0.000002,4999998.3,0.00,0.00,3840,0,0
dotmatch_scan,synthetic_barcode,one_substitution,10,737,24,0,0.000,0.000,0.000026,384615.5,737.00,737.00,3840,0,0
edlib_native_scan,synthetic_barcode,one_substitution,10,737,24,0,0.000,0.000,0.004092,2443.8,737.00,737.00,3840,0,0
exact_hash_lookup,synthetic_barcode,one_substitution,10,737,24,0,0.000,0.000,0.000091,109890.1,0.00,0.00,3840,0,0
dotmatch_indexed,synthetic_barcode,one_substitution,10,737,24,0,0.005,0.000,0.000002,4999998.3,0.00,0.00,3856,0,0
dotmatch_scan,synthetic_barcode,one_substitution,10,737,24,0,0.005,0.000,0.000027,370370.3,737.00,737.00,3856,0,0
edlib_native_scan,synthetic_barcode,one_substitution,10,737,24,0,0.005,0.000,0.004170,2398.1,737.00,737.00,3856,0,0
exact_hash_lookup,synthetic_barcode,one_substitution,10,737,24,0,0.005,0.000,0.000092,108695.6,0.00,0.00,3856,0,0
dotmatch_indexed,synthetic_barcode,one_substitution,10,737,24,0,0.010,0.000,0.000003,3333340.3,0.00,0.00,3856,0,0
dotmatch_scan,synthetic_barcode,one_substitution,10,737,24,0,0.010,0.000,0.000024,416666.5,737.00,737.00,3856,0,0
edlib_native_scan,synthetic_barcode,one_substitution,10,737,24,0,0.010,0.000,0.004042,2474.0,737.00,737.00,3856,0,0
exact_hash_lookup,synthetic_barcode,one_substitution,10,737,24,0,0.010,0.000,0.000089,112359.6,0.00,0.00,3856,0,0
dotmatch_indexed,synthetic_barcode,one_substitution,10,737,24,0,0.030,0.000,0.000003,3333340.3,0.00,0.00,3856,0,0
dotmatch_scan,synthetic_barcode,one_substitution,10,737,24,0,0.030,0.000,0.000023,434782.6,737.00,737.00,3856,0,0
edlib_native_scan,synthetic_barcode,one_substitution,10,737,24,0,0.030,0.000,0.004437,2253.8,737.00,737.00,3856,0,0
exact_hash_lookup,synthetic_barcode,one_substitution,10,737,24,0,0.030,0.000,0.000091,109890.1,0.00,0.00,3856,0,0
dotmatch_indexed,synthetic_barcode,exact,10,737,24,1,0.000,0.000,0.000163,61349.7,1.00,1.00,3856,58814,0
dotmatch_scan,synthetic_barcode,exact,10,737,24,1,0.000,0.000,0.000683,14641.3,737.00,737.00,3856,58814,0
edlib_native_scan,synthetic_barcode,exact,10,737,24,1,0.000,0.000,0.006177,1618.9,737.00,737.00,3856,58814,0
bk_tree,synthetic_barcode,exact,10,737,24,1,0.000,0.000,0.000930,10752.7,62.90,62.90,3856,58814,0
neighbor_lookup,synthetic_barcode,exact,10,737,24,1,0.000,0.000,0.000264,37878.8,1.00,1.00,3888,58814,0
dotmatch_indexed,synthetic_barcode,one_substitution,10,737,24,1,0.000,0.000,0.000163,61349.7,1.00,1.00,3888,80510,0
dotmatch_scan,synthetic_barcode,one_substitution,10,737,24,1,0.000,0.000,0.000679,14727.5,737.00,737.00,3888,80510,0
edlib_native_scan,synthetic_barcode,one_substitution,10,737,24,1,0.000,0.000,0.006413,1559.3,737.00,737.00,3888,80510,0
bk_tree,synthetic_barcode,one_substitution,10,737,24,1,0.000,0.000,0.000916,10917.0,64.90,64.90,3888,80510,0
neighbor_lookup,synthetic_barcode,one_substitution,10,737,24,1,0.000,0.000,0.000241,41493.8,1.00,1.00,3888,80510,0
dotmatch_indexed,synthetic_barcode,one_substitution,10,737,24,1,0.005,0.000,0.000173,57803.5,1.00,1.00,3888,56472,0
dotmatch_scan,synthetic_barcode,one_substitution,10,737,24,1,0.005,0.000,0.000688,14534.9,737.00,737.00,3888,56472,0
edlib_native_scan,synthetic_barcode,one_substitution,10,737,24,1,0.005,0.000,0.006211,1610.0,737.00,737.00,3888,56472,0
bk_tree,synthetic_barcode,one_substitution,10,737,24,1,0.005,0.000,0.000884,11312.2,49.40,49.40,3888,56472,0
neighbor_lookup,synthetic_barcode,one_substitution,10,737,24,1,0.005,0.000,0.000242,41322.3,1.00,1.00,3888,56472,0
dotmatch_indexed,synthetic_barcode,one_substitution,10,737,24,1,0.010,0.000,0.000168,59523.8,1.00,1.00,3888,76073,0
dotmatch_scan,synthetic_barcode,one_substitution,10,737,24,1,0.010,0.000,0.000679,14727.5,737.00,737.00,3888,76073,0
edlib_native_scan,synthetic_barcode,one_substitution,10,737,24,1,0.010,0.000,0.006326,1580.8,737.00,737.00,3888,76073,0
bk_tree,synthetic_barcode,one_substitution,10,737,24,1,0.010,0.000,0.000933,10718.1,64.70,64.70,3888,76073,0
neighbor_lookup,synthetic_barcode,one_substitution,10,737,24,1,0.010,0.000,0.000239,41841.0,1.00,1.00,3888,76073,0
dotmatch_indexed,synthetic_barcode,one_substitution,10,737,24,1,0.030,0.000,0.000162,61728.4,1.00,1.00,3888,66825,0
dotmatch_scan,synthetic_barcode,one_substitution,10,737,24,1,0.030,0.000,0.000691,14471.8,737.00,737.00,3888,66825,0
edlib_native_scan,synthetic_barcode,one_substitution,10,737,24,1,0.030,0.000,0.006185,1616.8,737.00,737.00,3888,66825,0
bk_tree,synthetic_barcode,one_substitution,10,737,24,1,0.030,0.000,0.000911,10976.9,58.60,58.60,3888,66825,0
neighbor_lookup,synthetic_barcode,one_substitution,10,737,24,1,0.030,0.000,0.000251,39840.6,1.00,1.00,3888,66825,0
dotmatch_indexed,synthetic_barcode,exact,10,4096,24,0,0.000,0.000,0.000003,3333324.1,1.00,1.00,3888,420336,0
dotmatch_scan,synthetic_barcode,exact,10,4096,24,0,0.000,0.000,0.000131,76335.9,4096.00,4096.00,3888,420336,0
edlib_native_scan,synthetic_barcode,exact,10,4096,24,0,0.000,0.000,0.024315,411.3,4096.00,4096.00,3888,420336,0
exact_hash_lookup,synthetic_barcode,exact,10,4096,24,0,0.000,0.000,0.000646,15479.9,1.00,1.00,3984,420336,0
dotmatch_indexed,synthetic_barcode,one_substitution,10,4096,24,0,0.000,0.000,0.000003,3333340.3,0.00,0.00,3984,0,0
dotmatch_scan,synthetic_barcode,one_substitution,10,4096,24,0,0.000,0.000,0.000151,66225.2,4096.00,4096.00,3984,0,0
edlib_native_scan,synthetic_barcode,one_substitution,10,4096,24,0,0.000,0.000,0.026801,373.1,4096.00,4096.00,3984,0,0
exact_hash_lookup,synthetic_barcode,one_substitution,10,4096,24,0,0.000,0.000,0.000590,16949.2,0.00,0.00,3984,0,0
dotmatch_indexed,synthetic_barcode,one_substitution,10,4096,24,0,0.005,0.000,0.000003,3333340.3,0.00,0.00,3984,0,0
dotmatch_scan,synthetic_barcode,one_substitution,10,4096,24,0,0.005,0.000,0.000149,67114.1,4096.00,4096.00,3984,0,0
edlib_native_scan,synthetic_barcode,one_substitution,10,4096,24,0,0.005,0.000,0.026606,375.9,4096.00,4096.00,3984,0,0
exact_hash_lookup,synthetic_barcode,one_substitution,10,4096,24,0,0.005,0.000,0.000574,17421.6,0.00,0.00,3984,0,0
dotmatch_indexed,synthetic_barcode,one_substitution,10,4096,24,0,0.010,0.000,0.000003,3333324.1,0.00,0.00,3984,0,0
dotmatch_scan,synthetic_barcode,one_substitution,10,4096,24,0,0.010,0.000,0.000149,67114.1,4096.00,4096.00,3984,0,0
edlib_native_scan,synthetic_barcode,one_substitution,10,4096,24,0,0.010,0.000,0.023870,418.9,4096.00,4096.00,3984,0,0
exact_hash_lookup,synthetic_barcode,one_substitution,10,4096,24,0,0.010,0.000,0.000499,20040.1,0.00,0.00,3984,0,0
dotmatch_indexed,synthetic_barcode,one_substitution,10,4096,24,0,0.030,0.000,0.000002,4999998.3,0.00,0.00,3984,0,0
dotmatch_scan,synthetic_barcode,one_substitution,10,4096,24,0,0.030,0.000,0.000143,69930.1,4096.00,4096.00,3984,0,0
edlib_native_scan,synthetic_barcode,one_substitution,10,4096,24,0,0.030,0.000,0.023131,432.3,4096.00,4096.00,3984,0,0
exact_hash_lookup,synthetic_barcode,one_substitution,10,4096,24,0,0.030,0.000,0.000482,20746.9,0.00,0.00,3984,0,0
dotmatch_indexed,synthetic_barcode,exact,10,4096,24,1,0.000,0.000,0.000296,33783.8,1.00,1.00,3984,292853,0
dotmatch_scan,synthetic_barcode,exact,10,4096,24,1,0.000,0.000,0.003829,2611.6,4096.00,4096.00,3984,292853,0
edlib_native_scan,synthetic_barcode,exact,10,4096,24,1,0.000,0.000,0.034878,286.7,4096.00,4096.00,3984,292853,0
bk_tree,synthetic_barcode,exact,10,4096,24,1,0.000,0.000,0.005865,1705.0,148.40,148.40,4016,292853,0
neighbor_lookup,synthetic_barcode,exact,10,4096,24,1,0.000,0.000,0.000642,15576.3,1.00,1.00,4112,292853,0
dotmatch_indexed,synthetic_barcode,one_substitution,10,4096,24,1,0.000,0.000,0.000185,54054.1,1.00,1.00,4112,317303,0
dotmatch_scan,synthetic_barcode,one_substitution,10,4096,24,1,0.000,0.000,0.003953,2529.7,4096.00,4096.00,4112,317303,0
edlib_native_scan,synthetic_barcode,one_substitution,10,4096,24,1,0.000,0.000,0.034793,287.4,4096.00,4096.00,4112,317303,0
bk_tree,synthetic_barcode,one_substitution,10,4096,24,1,0.000,0.000,0.005816,1719.4,159.00,159.00,4112,317303,0
neighbor_lookup,synthetic_barcode,one_substitution,10,4096,24,1,0.000,0.000,0.000669,14947.7,1.00,1.00,4112,317303,0
dotmatch_indexed,synthetic_barcode,one_substitution,10,4096,24,1,0.005,0.000,0.000177,56497.2,1.00,1.00,4112,318561,0
dotmatch_scan,synthetic_barcode,one_substitution,10,4096,24,1,0.005,0.000,0.003833,2608.9,4096.00,4096.00,4112,318561,0
edlib_native_scan,synthetic_barcode,one_substitution,10,4096,24,1,0.005,0.000,0.034400,290.7,4096.00,4096.00,4112,318561,0
bk_tree,synthetic_barcode,one_substitution,10,4096,24,1,0.005,0.000,0.006332,1579.3,164.50,164.50,4144,318561,0
neighbor_lookup,synthetic_barcode,one_substitution,10,4096,24,1,0.005,0.000,0.000655,15267.2,1.00,1.00,4144,318561,0
dotmatch_indexed,synthetic_barcode,one_substitution,10,4096,24,1,0.010,0.000,0.000176,56818.2,1.00,1.00,4144,284153,0
dotmatch_scan,synthetic_barcode,one_substitution,10,4096,24,1,0.010,0.000,0.003917,2553.0,4096.00,4096.00,4144,284153,0
edlib_native_scan,synthetic_barcode,one_substitution,10,4096,24,1,0.010,0.000,0.034524,289.7,4096.00,4096.00,4144,284153,0
bk_tree,synthetic_barcode,one_substitution,10,4096,24,1,0.010,0.000,0.006038,1656.2,159.60,159.60,4144,284153,0
neighbor_lookup,synthetic_barcode,one_substitution,10,4096,24,1,0.010,0.000,0.000624,16025.6,1.00,1.00,4144,284153,0
dotmatch_indexed,synthetic_barcode,one_substitution,10,4096,24,1,0.030,0.000,0.000175,57142.9,1.00,1.00,4144,398495,0
dotmatch_scan,synthetic_barcode,one_substitution,10,4096,24,1,0.030,0.000,0.003809,2625.4,4096.00,4096.00,4144,398495,0
edlib_native_scan,synthetic_barcode,one_substitution,10,4096,24,1,0.030,0.000,0.034571,289.3,4096.00,4096.00,4144,398495,0
bk_tree,synthetic_barcode,one_substitution,10,4096,24,1,0.030,0.000,0.005605,1784.1,154.40,154.40,4144,398495,0
neighbor_lookup,synthetic_barcode,one_substitution,10,4096,24,1,0.030,0.000,0.000621,16103.1,1.00,1.00,4144,398495,0
dotmatch_indexed,synthetic_barcode,exact,10,96,32,0,0.000,0.000,0.000003,3333324.1,1.00,1.00,4160,8664,0
dotmatch_scan,synthetic_barcode,exact,10,96,32,0,0.000,0.000,0.000003,3333340.3,96.00,96.00,4160,8664,0
edlib_native_scan,synthetic_barcode,exact,10,96,32,0,0.000,0.000,0.000572,17482.5,96.00,96.00,4160,8664,0
exact_hash_lookup,synthetic_barcode,exact,10,96,32,0,0.000,0.000,0.000014,714285.5,1.00,1.00,4160,8664,0
dotmatch_indexed,synthetic_barcode,one_substitution,10,96,32,0,0.000,0.000,0.000003,3333340.3,0.00,0.00,4192,0,0
dotmatch_scan,synthetic_barcode,one_substitution,10,96,32,0,0.000,0.000,0.000004,2499999.2,96.00,96.00,4192,0,0
edlib_native_scan,synthetic_barcode,one_substitution,10,96,32,0,0.000,0.000,0.000646,15479.9,96.00,96.00,4192,0,0
exact_hash_lookup,synthetic_barcode,one_substitution,10,96,32,0,0.000,0.000,0.000016,624999.8,0.00,0.00,4192,0,0
dotmatch_indexed,synthetic_barcode,one_substitution,10,96,32,0,0.005,0.000,0.000173,57803.5,0.00,0.00,4192,0,0
dotmatch_scan,synthetic_barcode,one_substitution,10,96,32,0,0.005,0.000,0.000004,2499999.2,96.00,96.00,4192,0,0
edlib_native_scan,synthetic_barcode,one_substitution,10,96,32,0,0.005,0.000,0.000736,13587.0,96.00,96.00,4192,0,0
exact_hash_lookup,synthetic_barcode,one_substitution,10,96,32,0,0.005,0.000,0.000033,303030.3,0.00,0.00,4192,0,0
dotmatch_indexed,synthetic_barcode,one_substitution,10,96,32,0,0.010,0.000,0.000003,3333324.1,0.00,0.00,4192,0,0
dotmatch_scan,synthetic_barcode,one_substitution,10,96,32,0,0.010,0.000,0.000003,3333340.3,96.00,96.00,4192,0,0
edlib_native_scan,synthetic_barcode,one_substitution,10,96,32,0,0.010,0.000,0.000636,15723.3,96.00,96.00,4192,0,0
exact_hash_lookup,synthetic_barcode,one_substitution,10,96,32,0,0.010,0.000,0.000014,714286.2,0.00,0.00,4192,0,0
dotmatch_indexed,synthetic_barcode,one_substitution,10,96,32,0,0.030,0.000,0.000003,3333324.1,0.00,0.00,4192,0,0
dotmatch_scan,synthetic_barcode,one_substitution,10,96,32,0,0.030,0.000,0.000004,2499999.2,96.00,96.00,4192,0,0
edlib_native_scan,synthetic_barcode,one_substitution,10,96,32,0,0.030,0.000,0.000576,17361.1,96.00,96.00,4192,0,0
exact_hash_lookup,synthetic_barcode,one_substitution,10,96,32,0,0.030,0.000,0.000012,833333.1,0.00,0.00,4192,0,0
dotmatch_indexed,synthetic_barcode,exact,10,96,32,1,0.000,0.000,0.000068,147058.8,1.00,1.00,4224,11333,0
dotmatch_scan,synthetic_barcode,exact,10,96,32,1,0.000,0.000,0.000106,94339.6,96.00,96.00,4224,11333,0
edlib_native_scan,synthetic_barcode,exact,10,96,32,1,0.000,0.000,0.000889,11248.6,96.00,96.00,4224,11333,0
bk_tree,synthetic_barcode,exact,10,96,32,1,0.000,0.000,0.000138,72463.8,14.60,14.60,4224,11333,0
neighbor_lookup,synthetic_barcode,exact,10,96,32,1,0.000,0.000,0.000272,36764.7,1.00,1.00,4240,11333,0
dotmatch_indexed,synthetic_barcode,one_substitution,10,96,32,1,0.000,0.000,0.000067,149253.7,1.00,1.00,4240,9535,0
dotmatch_scan,synthetic_barcode,one_substitution,10,96,32,1,0.000,0.000,0.000099,101010.1,96.00,96.00,4240,9535,0
edlib_native_scan,synthetic_barcode,one_substitution,10,96,32,1,0.000,0.000,0.000885,11299.4,96.00,96.00,4240,9535,0
bk_tree,synthetic_barcode,one_substitution,10,96,32,1,0.000,0.000,0.000137,72992.7,15.40,15.40,4240,9535,0
neighbor_lookup,synthetic_barcode,one_substitution,10,96,32,1,0.000,0.000,0.000252,39682.5,1.00,1.00,4240,9535,0
dotmatch_indexed,synthetic_barcode,one_substitution,10,96,32,1,0.005,0.000,0.000066,151515.1,1.00,1.00,4240,9960,0
dotmatch_scan,synthetic_barcode,one_substitution,10,96,32,1,0.005,0.000,0.000100,100000.0,96.00,96.00,4240,9960,0
edlib_native_scan,synthetic_barcode,one_substitution,10,96,32,1,0.005,0.000,0.000887,11274.0,96.00,96.00,4240,9960,0
bk_tree,synthetic_barcode,one_substitution,10,96,32,1,0.005,0.000,0.000138,72463.8,15.30,15.30,4240,9960,0
neighbor_lookup,synthetic_barcode,one_substitution,10,96,32,1,0.005,0.000,0.000247,40485.8,1.00,1.00,4240,9960,0
dotmatch_indexed,synthetic_barcode,one_substitution,10,96,32,1,0.010,0.000,0.000068,147058.8,1.00,1.00,4240,12629,0
dotmatch_scan,synthetic_barcode,one_substitution,10,96,32,1,0.010,0.000,0.000097,103092.8,96.00,96.00,4240,12629,0
edlib_native_scan,synthetic_barcode,one_substitution,10,96,32,1,0.010,0.000,0.000887,11274.0,96.00,96.00,4240,12629,0
bk_tree,synthetic_barcode,one_substitution,10,96,32,1,0.010,0.000,0.000158,63291.1,11.40,11.40,4240,12629,0
neighbor_lookup,synthetic_barcode,one_substitution,10,96,32,1,0.010,0.000,0.000279,35842.3,1.00,1.00,4240,12629,0
dotmatch_indexed,synthetic_barcode,one_substitution,10,96,32,1,0.030,0.000,0.000068,147058.8,1.00,1.00,4240,9654,0
dotmatch_scan,synthetic_barcode,one_substitution,10,96,32,1,0.030,0.000,0.000098,102040.8,96.00,96.00,4240,9654,0
edlib_native_scan,synthetic_barcode,one_substitution,10,96,32,1,0.030,0.000,0.000887,11274.0,96.00,96.00,4240,9654,0
bk_tree,synthetic_barcode,one_substitution,10,96,32,1,0.030,0.000,0.000142,70422.5,16.00,16.00,4240,9654,0
neighbor_lookup,synthetic_barcode,one_substitution,10,96,32,1,0.030,0.000,0.000244,40983.6,1.00,1.00,4240,9654,0
dotmatch_indexed,synthetic_barcode,exact,10,737,32,0,0.000,0.000,0.000003,3333340.3,1.00,1.00,4336,51657,0
dotmatch_scan,synthetic_barcode,exact,10,737,32,0,0.000,0.000,0.000024,416666.5,737.00,737.00,4336,51657,0
edlib_native_scan,synthetic_barcode,exact,10,737,32,0,0.000,0.000,0.004342,2303.1,737.00,737.00,4336,51657,0
exact_hash_lookup,synthetic_barcode,exact,10,737,32,0,0.000,0.000,0.000094,106383.0,1.00,1.00,4336,51657,0
dotmatch_indexed,synthetic_barcode,one_substitution,10,737,32,0,0.000,0.000,0.000003,3333340.3,0.00,0.00,4336,0,0
dotmatch_scan,synthetic_barcode,one_substitution,10,737,32,0,0.000,0.000,0.000024,416666.5,737.00,737.00,4336,0,0
edlib_native_scan,synthetic_barcode,one_substitution,10,737,32,0,0.000,0.000,0.004865,2055.5,737.00,737.00,4336,0,0
exact_hash_lookup,synthetic_barcode,one_substitution,10,737,32,0,0.000,0.000,0.000093,107526.9,0.00,0.00,4336,0,0
dotmatch_indexed,synthetic_barcode,one_substitution,10,737,32,0,0.005,0.000,0.000003,3333340.3,0.00,0.00,4336,0,0
dotmatch_scan,synthetic_barcode,one_substitution,10,737,32,0,0.005,0.000,0.000024,416666.8,737.00,737.00,4336,0,0
edlib_native_scan,synthetic_barcode,one_substitution,10,737,32,0,0.005,0.000,0.004220,2369.7,737.00,737.00,4336,0,0
exact_hash_lookup,synthetic_barcode,one_substitution,10,737,32,0,0.005,0.000,0.000088,113636.4,0.00,0.00,4336,0,0
dotmatch_indexed,synthetic_barcode,one_substitution,10,737,32,0,0.010,0.000,0.000004,2500008.2,0.00,0.00,4336,0,0
dotmatch_scan,synthetic_barcode,one_substitution,10,737,32,0,0.010,0.000,0.000036,277777.7,737.00,737.00,4336,0,0
edlib_native_scan,synthetic_barcode,one_substitution,10,737,32,0,0.010,0.000,0.004271,2341.4,737.00,737.00,4336,0,0
exact_hash_lookup,synthetic_barcode,one_substitution,10,737,32,0,0.010,0.000,0.000090,111111.1,0.00,0.00,4336,0,0
dotmatch_indexed,synthetic_barcode,one_substitution,10,737,32,0,0.030,0.000,0.000003,3333324.1,0.00,0.00,4336,0,0
dotmatch_scan,synthetic_barcode,one_substitution,10,737,32,0,0.030,0.000,0.000024,416666.8,737.00,737.00,4336,0,0
edlib_native_scan,synthetic_barcode,one_substitution,10,737,32,0,0.030,0.000,0.004720,2118.6,737.00,737.00,4336,0,0
exact_hash_lookup,synthetic_barcode,one_substitution,10,737,32,0,0.030,0.000,0.000093,107526.9,0.00,0.00,4336,0,0
dotmatch_indexed,synthetic_barcode,exact,10,737,32,1,0.000,0.000,0.000077,129870.1,1.00,1.00,4336,71275,0
dotmatch_scan,synthetic_barcode,exact,10,737,32,1,0.000,0.000,0.000683,14641.3,737.00,737.00,4336,71275,0
edlib_native_scan,synthetic_barcode,exact,10,737,32,1,0.000,0.000,0.006812,1468.0,737.00,737.00,4336,71275,0
bk_tree,synthetic_barcode,exact,10,737,32,1,0.000,0.000,0.001097,9115.8,51.10,51.10,4336,71275,0
neighbor_lookup,synthetic_barcode,exact,10,737,32,1,0.000,0.000,0.000352,28409.1,1.00,1.00,4384,71275,0
dotmatch_indexed,synthetic_barcode,one_substitution,10,737,32,1,0.000,0.000,0.000074,135135.1,1.00,1.00,4384,59481,0
dotmatch_scan,synthetic_barcode,one_substitution,10,737,32,1,0.000,0.000,0.000685,14598.5,737.00,737.00,4384,59481,0
edlib_native_scan,synthetic_barcode,one_substitution,10,737,32,1,0.000,0.000,0.007031,1422.3,737.00,737.00,4384,59481,0
bk_tree,synthetic_barcode,one_substitution,10,737,32,1,0.000,0.000,0.001094,9140.8,49.30,49.30,4384,59481,0
neighbor_lookup,synthetic_barcode,one_substitution,10,737,32,1,0.000,0.000,0.000364,27472.5,1.00,1.00,4384,59481,0
dotmatch_indexed,synthetic_barcode,one_substitution,10,737,32,1,0.005,0.000,0.000072,138888.9,1.00,1.00,4384,79184,0
dotmatch_scan,synthetic_barcode,one_substitution,10,737,32,1,0.005,0.000,0.000685,14598.5,737.00,737.00,4384,79184,0
edlib_native_scan,synthetic_barcode,one_substitution,10,737,32,1,0.005,0.000,0.006915,1446.1,737.00,737.00,4384,79184,0
bk_tree,synthetic_barcode,one_substitution,10,737,32,1,0.005,0.000,0.001126,8881.0,59.10,59.10,4384,79184,0
neighbor_lookup,synthetic_barcode,one_substitution,10,737,32,1,0.005,0.000,0.000338,29585.8,1.00,1.00,4384,79184,0
dotmatch_indexed,synthetic_barcode,one_substitution,10,737,32,1,0.010,0.000,0.000077,129870.1,1.00,1.00,4384,70361,0
dotmatch_scan,synthetic_barcode,one_substitution,10,737,32,1,0.010,0.000,0.000679,14727.5,737.00,737.00,4384,70361,0
edlib_native_scan,synthetic_barcode,one_substitution,10,737,32,1,0.010,0.000,0.007200,1388.9,737.00,737.00,4384,70361,0
bk_tree,synthetic_barcode,one_substitution,10,737,32,1,0.010,0.000,0.001073,9319.7,43.50,43.50,4384,70361,0
neighbor_lookup,synthetic_barcode,one_substitution,10,737,32,1,0.010,0.000,0.000325,30769.2,1.00,1.00,4384,70361,0
dotmatch_indexed,synthetic_barcode,one_substitution,10,737,32,1,0.030,0.000,0.000070,142857.1,1.00,1.00,4384,83094,0
dotmatch_scan,synthetic_barcode,one_substitution,10,737,32,1,0.030,0.000,0.000694,14409.2,737.00,737.00,4384,83094,0
edlib_native_scan,synthetic_barcode,one_substitution,10,737,32,1,0.030,0.000,0.006837,1462.6,737.00,737.00,4384,83094,0
bk_tree,synthetic_barcode,one_substitution,10,737,32,1,0.030,0.000,0.001105,9049.8,50.20,50.20,4384,83094,0
neighbor_lookup,synthetic_barcode,one_substitution,10,737,32,1,0.030,0.000,0.000344,29069.8,1.00,1.00,4384,83094,0
dotmatch_indexed,synthetic_barcode,exact,10,4096,32,0,0.000,0.000,0.000006,1666666.1,1.00,1.00,4528,273048,0
dotmatch_scan,synthetic_barcode,exact,10,4096,32,0,0.000,0.000,0.000175,57142.9,4096.00,4096.00,4528,273048,0
edlib_native_scan,synthetic_barcode,exact,10,4096,32,0,0.000,0.000,0.025303,395.2,4096.00,4096.00,4528,273048,0
exact_hash_lookup,synthetic_barcode,exact,10,4096,32,0,0.000,0.000,0.000638,15674.0,1.00,1.00,4720,273048,0
dotmatch_indexed,synthetic_barcode,one_substitution,10,4096,32,0,0.000,0.000,0.000004,2499999.2,0.00,0.00,4720,0,0
dotmatch_scan,synthetic_barcode,one_substitution,10,4096,32,0,0.000,0.000,0.000150,66666.7,4096.00,4096.00,4720,0,0
edlib_native_scan,synthetic_barcode,one_substitution,10,4096,32,0,0.000,0.000,0.033380,299.6,4096.00,4096.00,4720,0,0
exact_hash_lookup,synthetic_barcode,one_substitution,10,4096,32,0,0.000,0.000,0.000869,11507.5,0.00,0.00,4720,0,0
dotmatch_indexed,synthetic_barcode,one_substitution,10,4096,32,0,0.005,0.000,0.000006,1666666.1,0.00,0.00,4720,0,0
dotmatch_scan,synthetic_barcode,one_substitution,10,4096,32,0,0.005,0.000,0.000220,45454.5,4096.00,4096.00,4720,0,0
edlib_native_scan,synthetic_barcode,one_substitution,10,4096,32,0,0.005,0.000,0.042846,233.4,4096.00,4096.00,4720,0,0
exact_hash_lookup,synthetic_barcode,one_substitution,10,4096,32,0,0.005,0.000,0.001006,9940.4,0.00,0.00,4720,0,0
dotmatch_indexed,synthetic_barcode,one_substitution,10,4096,32,0,0.010,0.000,0.000006,1666666.1,0.00,0.00,4720,0,0
dotmatch_scan,synthetic_barcode,one_substitution,10,4096,32,0,0.010,0.000,0.000220,45454.5,4096.00,4096.00,4720,0,0
edlib_native_scan,synthetic_barcode,one_substitution,10,4096,32,0,0.010,0.000,0.035812,279.2,4096.00,4096.00,4720,0,0
exact_hash_lookup,synthetic_barcode,one_substitution,10,4096,32,0,0.010,0.000,0.000571,17513.1,0.00,0.00,4720,0,0
dotmatch_indexed,synthetic_barcode,one_substitution,10,4096,32,0,0.030,0.000,0.000005,2000002.2,0.00,0.00,4720,0,0
dotmatch_scan,synthetic_barcode,one_substitution,10,4096,32,0,0.030,0.000,0.000150,66666.7,4096.00,4096.00,4720,0,0
edlib_native_scan,synthetic_barcode,one_substitution,10,4096,32,0,0.030,0.000,0.028884,346.2,4096.00,4096.00,4720,0,0
exact_hash_lookup,synthetic_barcode,one_substitution,10,4096,32,0,0.030,0.000,0.000646,15479.9,0.00,0.00,4720,0,0
dotmatch_indexed,synthetic_barcode,exact,10,4096,32,1,0.000,0.000,0.000136,73529.4,1.00,1.00,4720,369795,0
dotmatch_scan,synthetic_barcode,exact,10,4096,32,1,0.000,0.000,0.004845,2064.0,4096.00,4096.00,4720,369795,0
edlib_native_scan,synthetic_barcode,exact,10,4096,32,1,0.000,0.000,0.041428,241.4,4096.00,4096.00,4720,369795,0
bk_tree,synthetic_barcode,exact,10,4096,32,1,0.000,0.000,0.007366,1357.6,108.90,108.90,4752,369795,0
neighbor_lookup,synthetic_barcode,exact,10,4096,32,1,0.000,0.000,0.000749,13351.1,1.00,1.00,4896,369795,0
dotmatch_indexed,synthetic_barcode,one_substitution,10,4096,32,1,0.000,0.000,0.000091,109890.1,1.00,1.00,4896,304400,0
dotmatch_scan,synthetic_barcode,one_substitution,10,4096,32,1,0.000,0.000,0.004124,2424.8,4096.00,4096.00,4896,304400,0
edlib_native_scan,synthetic_barcode,one_substitution,10,4096,32,1,0.000,0.000,0.038843,257.4,4096.00,4096.00,4896,304400,0
bk_tree,synthetic_barcode,one_substitution,10,4096,32,1,0.000,0.000,0.007362,1358.3,124.20,124.20,4896,304400,0
neighbor_lookup,synthetic_barcode,one_substitution,10,4096,32,1,0.000,0.000,0.000726,13774.1,1.00,1.00,4896,304400,0
dotmatch_indexed,synthetic_barcode,one_substitution,10,4096,32,1,0.005,0.000,0.000091,109890.1,1.00,1.00,4896,315382,0
dotmatch_scan,synthetic_barcode,one_substitution,10,4096,32,1,0.005,0.000,0.003770,2652.5,4096.00,4096.00,4896,315382,0
edlib_native_scan,synthetic_barcode,one_substitution,10,4096,32,1,0.005,0.000,0.044466,224.9,4096.00,4096.00,4896,315382,0
bk_tree,synthetic_barcode,one_substitution,10,4096,32,1,0.005,0.000,0.007957,1256.8,114.90,114.90,4896,315382,0
neighbor_lookup,synthetic_barcode,one_substitution,10,4096,32,1,0.005,0.000,0.000825,12121.2,1.00,1.00,4896,315382,0
dotmatch_indexed,synthetic_barcode,one_substitution,10,4096,32,1,0.010,0.000,0.000119,84033.6,1.00,1.00,4896,288420,0
dotmatch_scan,synthetic_barcode,one_substitution,10,4096,32,1,0.010,0.000,0.004409,2268.1,4096.00,4096.00,4896,288420,0
edlib_native_scan,synthetic_barcode,one_substitution,10,4096,32,1,0.010,0.000,0.042900,233.1,4096.00,4096.00,4896,288420,0
bk_tree,synthetic_barcode,one_substitution,10,4096,32,1,0.010,0.000,0.007297,1370.4,116.00,116.00,4896,288420,0
neighbor_lookup,synthetic_barcode,one_substitution,10,4096,32,1,0.010,0.000,0.000744,13440.9,1.00,1.00,4896,288420,0
dotmatch_indexed,synthetic_barcode,one_substitution,10,4096,32,1,0.030,0.000,0.000127,78740.2,1.00,1.00,4896,398172,0
dotmatch_scan,synthetic_barcode,one_substitution,10,4096,32,1,0.030,0.000,0.003871,2583.3,4096.00,4096.00,4896,398172,0
edlib_native_scan,synthetic_barcode,one_substitution,10,4096,32,1,0.030,0.000,0.040912,244.4,4096.00,4096.00,4896,398172,0
bk_tree,synthetic_barcode,one_substitution,10,4096,32,1,0.030,0.000,0.008333,1200.0,124.90,124.90,4912,398172,0
neighbor_lookup,synthetic_barcode,one_substitution,10,4096,32,1,0.030,0.000,0.001171,8539.7,1.00,1.00,4912,398172,0

tool,workload,error_mode,n_reads,n_targets,len,k,err,indel_rate,seconds,reads_per_sec,candidates_per_read,verified_per_read,peak_rss_kb,checksum,mismatches
dotmatch_indexed,synthetic_barcode,exact,10,96,16,0,0.000,0.000,0.000003,3333340.3,1.00,1.00,1472,9072,0
dotmatch_scan,synthetic_barcode,exact,10,96,16,0,0.000,0.000,0.000005,1999996.4,96.00,96.00,1472,9072,0
edlib_native_scan,synthetic_barcode,exact,10,96,16,0,0.000,0.000,0.000531,18832.4,96.00,96.00,1472,9072,0
exact_hash_lookup,synthetic_barcode,exact,10,96,16,0,0.000,0.000,0.000011,909091.2,1.00,1.00,1488,9072,0
dotmatch_indexed,synthetic_barcode,one_substitution,10,96,16,0,0.000,0.000,0.000002,4999998.3,0.00,0.00,1488,0,0
dotmatch_scan,synthetic_barcode,one_substitution,10,96,16,0,0.000,0.000,0.000004,2499999.2,96.00,96.00,1488,0,0
edlib_native_scan,synthetic_barcode,one_substitution,10,96,16,0,0.000,0.000,0.000509,19646.4,96.00,96.00,1488,0,0
exact_hash_lookup,synthetic_barcode,one_substitution,10,96,16,0,0.000,0.000,0.000005,2000002.2,0.00,0.00,1488,0,0
dotmatch_indexed,synthetic_barcode,one_substitution,10,96,16,0,0.005,0.000,0.000002,4999998.3,0.00,0.00,1488,0,0
dotmatch_scan,synthetic_barcode,one_substitution,10,96,16,0,0.005,0.000,0.000004,2499999.2,96.00,96.00,1488,0,0
edlib_native_scan,synthetic_barcode,one_substitution,10,96,16,0,0.005,0.000,0.000499,20040.1,96.00,96.00,1488,0,0
exact_hash_lookup,synthetic_barcode,one_substitution,10,96,16,0,0.005,0.000,0.000006,1666666.1,0.00,0.00,1488,0,0
dotmatch_indexed,synthetic_barcode,one_substitution,10,96,16,0,0.010,0.000,0.000002,4999998.3,0.00,0.00,1504,0,0
dotmatch_scan,synthetic_barcode,one_substitution,10,96,16,0,0.010,0.000,0.000004,2499999.2,96.00,96.00,1504,0,0
edlib_native_scan,synthetic_barcode,one_substitution,10,96,16,0,0.010,0.000,0.000493,20284.0,96.00,96.00,1504,0,0
exact_hash_lookup,synthetic_barcode,one_substitution,10,96,16,0,0.010,0.000,0.000006,1666666.1,0.00,0.00,1504,0,0
dotmatch_indexed,synthetic_barcode,one_substitution,10,96,16,0,0.030,0.000,0.000001,10000069.4,0.00,0.00,1552,0,0
dotmatch_scan,synthetic_barcode,one_substitution,10,96,16,0,0.030,0.000,0.000004,2499999.2,96.00,96.00,1552,0,0
edlib_native_scan,synthetic_barcode,one_substitution,10,96,16,0,0.030,0.000,0.000506,19762.8,96.00,96.00,1552,0,0
exact_hash_lookup,synthetic_barcode,one_substitution,10,96,16,0,0.030,0.000,0.000008,1250001.9,0.00,0.00,1568,0,0
dotmatch_indexed,synthetic_barcode,exact,10,96,16,1,0.000,0.000,0.000091,109890.1,1.00,1.00,1616,9174,0
dotmatch_scan,synthetic_barcode,exact,10,96,16,1,0.000,0.000,0.000099,101010.1,96.00,96.00,1616,9174,0
edlib_native_scan,synthetic_barcode,exact,10,96,16,1,0.000,0.000,0.001168,8561.6,96.00,96.00,1616,9174,0
bk_tree,synthetic_barcode,exact,10,96,16,1,0.000,0.000,0.000099,101010.1,18.60,18.60,1616,9174,0
neighbor_lookup,synthetic_barcode,exact,10,96,16,1,0.000,0.000,0.000131,76335.9,1.00,1.00,1632,9174,0
dotmatch_indexed,synthetic_barcode,one_substitution,10,96,16,1,0.000,0.000,0.000132,75757.6,1.00,1.00,1632,8447,0
dotmatch_scan,synthetic_barcode,one_substitution,10,96,16,1,0.000,0.000,0.000112,89285.7,96.00,96.00,1632,8447,0
edlib_native_scan,synthetic_barcode,one_substitution,10,96,16,1,0.000,0.000,0.001521,6574.6,96.00,96.00,1632,8447,0
bk_tree,synthetic_barcode,one_substitution,10,96,16,1,0.000,0.000,0.000110,90909.1,23.30,23.30,1648,8447,0
neighbor_lookup,synthetic_barcode,one_substitution,10,96,16,1,0.000,0.000,0.000141,70922.0,1.00,1.00,1648,8447,0
dotmatch_indexed,synthetic_barcode,one_substitution,10,96,16,1,0.005,0.000,0.000770,12987.0,1.00,1.00,1664,10521,0
dotmatch_scan,synthetic_barcode,one_substitution,10,96,16,1,0.005,0.000,0.000090,111111.1,96.00,96.00,1664,10521,0
edlib_native_scan,synthetic_barcode,one_substitution,10,96,16,1,0.005,0.000,0.000725,13793.1,96.00,96.00,1664,10521,0
bk_tree,synthetic_barcode,one_substitution,10,96,16,1,0.005,0.000,0.000091,109890.1,16.50,16.50,1664,10521,0
neighbor_lookup,synthetic_barcode,one_substitution,10,96,16,1,0.005,0.000,0.000082,121951.2,1.00,1.00,1664,10521,0
dotmatch_indexed,synthetic_barcode,one_substitution,10,96,16,1,0.010,0.000,0.000098,102040.8,1.00,1.00,1664,10419,0
dotmatch_scan,synthetic_barcode,one_substitution,10,96,16,1,0.010,0.000,0.000088,113636.4,96.00,96.00,1664,10419,0
edlib_native_scan,synthetic_barcode,one_substitution,10,96,16,1,0.010,0.000,0.000698,14326.6,96.00,96.00,1664,10419,0
bk_tree,synthetic_barcode,one_substitution,10,96,16,1,0.010,0.000,0.000099,101010.1,19.20,19.20,1696,10419,0
neighbor_lookup,synthetic_barcode,one_substitution,10,96,16,1,0.010,0.000,0.000070,142857.2,1.00,1.00,1696,10419,0
dotmatch_indexed,synthetic_barcode,one_substitution,10,96,16,1,0.030,0.000,0.000097,103092.8,1.00,1.00,1728,8345,0
dotmatch_scan,synthetic_barcode,one_substitution,10,96,16,1,0.030,0.000,0.000091,109890.1,96.00,96.00,1728,8345,0
edlib_native_scan,synthetic_barcode,one_substitution,10,96,16,1,0.030,0.000,0.000711,14064.7,96.00,96.00,1728,8345,0
bk_tree,synthetic_barcode,one_substitution,10,96,16,1,0.030,0.000,0.000112,89285.7,21.90,21.90,1728,8345,0
neighbor_lookup,synthetic_barcode,one_substitution,10,96,16,1,0.030,0.000,0.000070,142857.2,1.00,1.00,1728,8345,0
dotmatch_indexed,synthetic_barcode,exact,10,737,16,0,0.000,0.000,0.000002,4999998.3,1.00,1.00,1840,71343,0
dotmatch_scan,synthetic_barcode,exact,10,737,16,0,0.000,0.000,0.000030,333333.4,737.00,737.00,1840,71343,0
edlib_native_scan,synthetic_barcode,exact,10,737,16,0,0.000,0.000,0.004719,2119.1,737.00,737.00,1840,71343,0
exact_hash_lookup,synthetic_barcode,exact,10,737,16,0,0.000,0.000,0.000058,172413.8,1.00,1.00,1904,71343,0
dotmatch_indexed,synthetic_barcode,one_substitution,10,737,16,0,0.000,0.000,0.000002,4999998.3,0.00,0.00,1936,0,0
dotmatch_scan,synthetic_barcode,one_substitution,10,737,16,0,0.000,0.000,0.000030,333333.4,737.00,737.00,1936,0,0
edlib_native_scan,synthetic_barcode,one_substitution,10,737,16,0,0.000,0.000,0.003925,2547.8,737.00,737.00,1936,0,0
exact_hash_lookup,synthetic_barcode,one_substitution,10,737,16,0,0.000,0.000,0.000042,238095.2,0.00,0.00,1936,0,0
dotmatch_indexed,synthetic_barcode,one_substitution,10,737,16,0,0.005,0.000,0.000002,4999998.3,0.00,0.00,1936,0,0
dotmatch_scan,synthetic_barcode,one_substitution,10,737,16,0,0.005,0.000,0.000030,333333.4,737.00,737.00,1936,0,0
edlib_native_scan,synthetic_barcode,one_substitution,10,737,16,0,0.005,0.000,0.004268,2343.0,737.00,737.00,1936,0,0
exact_hash_lookup,synthetic_barcode,one_substitution,10,737,16,0,0.005,0.000,0.000191,52356.0,0.00,0.00,1936,0,0
dotmatch_indexed,synthetic_barcode,one_substitution,10,737,16,0,0.010,0.000,0.000093,107526.9,0.00,0.00,1936,0,0
dotmatch_scan,synthetic_barcode,one_substitution,10,737,16,0,0.010,0.000,0.000032,312499.9,737.00,737.00,1936,0,0
edlib_native_scan,synthetic_barcode,one_substitution,10,737,16,0,0.010,0.000,0.004545,2200.2,737.00,737.00,1936,0,0
exact_hash_lookup,synthetic_barcode,one_substitution,10,737,16,0,0.010,0.000,0.000051,196078.4,0.00,0.00,1936,0,0
dotmatch_indexed,synthetic_barcode,one_substitution,10,737,16,0,0.030,0.000,0.000002,4999998.3,0.00,0.00,1936,0,0
dotmatch_scan,synthetic_barcode,one_substitution,10,737,16,0,0.030,0.000,0.000031,322580.6,737.00,737.00,1936,0,0
edlib_native_scan,synthetic_barcode,one_substitution,10,737,16,0,0.030,0.000,0.004508,2218.3,737.00,737.00,1936,0,0
exact_hash_lookup,synthetic_barcode,one_substitution,10,737,16,0,0.030,0.000,0.000049,204081.6,0.00,0.00,1936,0,0
dotmatch_indexed,synthetic_barcode,exact,10,737,16,1,0.000,0.000,0.000112,89285.7,1.00,1.00,1936,57182,0
dotmatch_scan,synthetic_barcode,exact,10,737,16,1,0.000,0.000,0.000779,12837.0,737.00,737.00,1936,57182,0
edlib_native_scan,synthetic_barcode,exact,10,737,16,1,0.000,0.000,0.007525,1328.9,737.00,737.00,1936,57182,0
bk_tree,synthetic_barcode,exact,10,737,16,1,0.000,0.000,0.001213,8244.0,78.70,78.70,2016,57182,0
neighbor_lookup,synthetic_barcode,exact,10,737,16,1,0.000,0.000,0.000390,25641.0,1.00,1.00,2080,57182,0
dotmatch_indexed,synthetic_barcode,one_substitution,10,737,16,1,0.000,0.000,0.000341,29325.5,1.00,1.00,2096,56659,0
dotmatch_scan,synthetic_barcode,one_substitution,10,737,16,1,0.000,0.000,0.001202,8319.5,737.00,737.00,2096,56659,0
edlib_native_scan,synthetic_barcode,one_substitution,10,737,16,1,0.000,0.000,0.008828,1132.8,737.00,737.00,2096,56659,0
bk_tree,synthetic_barcode,one_substitution,10,737,16,1,0.000,0.000,0.001264,7911.4,84.50,84.50,2112,56659,0
neighbor_lookup,synthetic_barcode,one_substitution,10,737,16,1,0.000,0.000,0.000169,59171.6,1.00,1.00,2112,56659,0
dotmatch_indexed,synthetic_barcode,one_substitution,10,737,16,1,0.005,0.000,0.000119,84033.6,1.00,1.00,2112,67777,0
dotmatch_scan,synthetic_barcode,one_substitution,10,737,16,1,0.005,0.000,0.000836,11961.7,737.00,737.00,2112,67777,0
edlib_native_scan,synthetic_barcode,one_substitution,10,737,16,1,0.005,0.000,0.006710,1490.3,737.00,737.00,2112,67777,0
bk_tree,synthetic_barcode,one_substitution,10,737,16,1,0.005,0.000,0.000853,11723.3,67.70,67.70,2112,67777,0
neighbor_lookup,synthetic_barcode,one_substitution,10,737,16,1,0.005,0.000,0.000142,70422.5,1.00,1.00,2112,67777,0
dotmatch_indexed,synthetic_barcode,one_substitution,10,737,16,1,0.010,0.000,0.000114,87719.3,1.00,1.00,2112,60399,0
dotmatch_scan,synthetic_barcode,one_substitution,10,737,16,1,0.010,0.000,0.000803,12453.3,737.00,737.00,2112,60399,0
edlib_native_scan,synthetic_barcode,one_substitution,10,737,16,1,0.010,0.000,0.007577,1319.8,737.00,737.00,2112,60399,0
bk_tree,synthetic_barcode,one_substitution,10,737,16,1,0.010,0.000,0.001391,7189.1,71.40,71.40,2112,60399,0
neighbor_lookup,synthetic_barcode,one_substitution,10,737,16,1,0.010,0.000,0.000371,26954.2,1.00,1.00,2112,60399,0
dotmatch_indexed,synthetic_barcode,one_substitution,10,737,16,1,0.030,0.000,0.000134,74626.9,1.00,1.00,2112,57322,0
dotmatch_scan,synthetic_barcode,one_substitution,10,737,16,1,0.030,0.000,0.001072,9328.4,737.00,737.00,2112,57322,0
edlib_native_scan,synthetic_barcode,one_substitution,10,737,16,1,0.030,0.000,0.007805,1281.2,737.00,737.00,2112,57322,0
bk_tree,synthetic_barcode,one_substitution,10,737,16,1,0.030,0.000,0.001126,8881.0,78.40,78.40,2112,57322,0
neighbor_lookup,synthetic_barcode,one_substitution,10,737,16,1,0.030,0.000,0.000269,37174.7,1.00,1.00,2112,57322,0
dotmatch_indexed,synthetic_barcode,exact,10,4096,16,0,0.000,0.000,0.000005,1999996.4,1.00,1.00,2576,272011,0
dotmatch_scan,synthetic_barcode,exact,10,4096,16,0,0.000,0.000,0.000232,43103.4,4096.00,4096.00,2576,272011,0
edlib_native_scan,synthetic_barcode,exact,10,4096,16,0,0.000,0.000,0.038700,258.4,4096.00,4096.00,2576,272011,0
exact_hash_lookup,synthetic_barcode,exact,10,4096,16,0,0.000,0.000,0.000555,18018.0,1.00,1.00,2800,272011,0
dotmatch_indexed,synthetic_barcode,one_substitution,10,4096,16,0,0.000,0.000,0.000003,3333340.3,0.00,0.00,2880,0,0
dotmatch_scan,synthetic_barcode,one_substitution,10,4096,16,0,0.000,0.000,0.000280,35714.3,4096.00,4096.00,2880,0,0
edlib_native_scan,synthetic_barcode,one_substitution,10,4096,16,0,0.000,0.000,0.040234,248.5,4096.00,4096.00,2880,0,0
exact_hash_lookup,synthetic_barcode,one_substitution,10,4096,16,0,0.000,0.000,0.000815,12269.9,0.00,0.00,2960,0,0
dotmatch_indexed,synthetic_barcode,one_substitution,10,4096,16,0,0.005,0.000,0.000003,3333340.3,0.00,0.00,2960,0,0
dotmatch_scan,synthetic_barcode,one_substitution,10,4096,16,0,0.005,0.000,0.000306,32679.7,4096.00,4096.00,2960,0,0
edlib_native_scan,synthetic_barcode,one_substitution,10,4096,16,0,0.005,0.000,0.038771,257.9,4096.00,4096.00,2960,0,0
exact_hash_lookup,synthetic_barcode,one_substitution,10,4096,16,0,0.005,0.000,0.000401,24937.7,0.00,0.00,2960,0,0
dotmatch_indexed,synthetic_barcode,one_substitution,10,4096,16,0,0.010,0.000,0.000004,2499999.2,0.00,0.00,3040,0,0
dotmatch_scan,synthetic_barcode,one_substitution,10,4096,16,0,0.010,0.000,0.000252,39682.5,4096.00,4096.00,3040,0,0
edlib_native_scan,synthetic_barcode,one_substitution,10,4096,16,0,0.010,0.000,0.037622,265.8,4096.00,4096.00,3040,0,0
exact_hash_lookup,synthetic_barcode,one_substitution,10,4096,16,0,0.010,0.000,0.000404,24752.5,0.00,0.00,3040,0,0
dotmatch_indexed,synthetic_barcode,one_substitution,10,4096,16,0,0.030,0.000,0.000004,2499999.2,0.00,0.00,3040,0,0
dotmatch_scan,synthetic_barcode,one_substitution,10,4096,16,0,0.030,0.000,0.000284,35211.3,4096.00,4096.00,3040,0,0
edlib_native_scan,synthetic_barcode,one_substitution,10,4096,16,0,0.030,0.000,0.036994,270.3,4096.00,4096.00,3040,0,0
exact_hash_lookup,synthetic_barcode,one_substitution,10,4096,16,0,0.030,0.000,0.000456,21929.8,0.00,0.00,3040,0,0
dotmatch_indexed,synthetic_barcode,exact,10,4096,16,1,0.000,0.000,0.000656,15243.9,1.00,1.00,3072,246817,0
dotmatch_scan,synthetic_barcode,exact,10,4096,16,1,0.000,0.000,0.006711,1490.1,4096.00,4096.00,3072,246817,0
edlib_native_scan,synthetic_barcode,exact,10,4096,16,1,0.000,0.000,0.054447,183.7,4096.00,4096.00,3072,246817,0
bk_tree,synthetic_barcode,exact,10,4096,16,1,0.000,0.000,0.008405,1189.8,250.50,250.50,3376,246817,0
neighbor_lookup,synthetic_barcode,exact,10,4096,16,1,0.000,0.000,0.000681,14684.3,1.00,1.00,3600,246817,0
dotmatch_indexed,synthetic_barcode,one_substitution,10,4096,16,1,0.000,0.000,0.000189,52910.1,1.00,1.00,3600,339386,0
dotmatch_scan,synthetic_barcode,one_substitution,10,4096,16,1,0.000,0.000,0.007106,1407.3,4096.00,4096.00,3600,339386,0
edlib_native_scan,synthetic_barcode,one_substitution,10,4096,16,1,0.000,0.000,0.054534,183.4,4096.00,4096.00,3600,339386,0
bk_tree,synthetic_barcode,one_substitution,10,4096,16,1,0.000,0.000,0.008736,1144.7,238.50,238.50,3600,339386,0
neighbor_lookup,synthetic_barcode,one_substitution,10,4096,16,1,0.000,0.000,0.000925,10810.8,1.00,1.00,3616,339386,0
dotmatch_indexed,synthetic_barcode,one_substitution,10,4096,16,1,0.005,0.000,0.000194,51546.4,1.00,1.00,3616,379319,0
dotmatch_scan,synthetic_barcode,one_substitution,10,4096,16,1,0.005,0.000,0.006513,1535.4,4096.00,4096.00,3616,379319,0
edlib_native_scan,synthetic_barcode,one_substitution,10,4096,16,1,0.005,0.000,0.054256,184.3,4096.00,4096.00,3616,379319,0
bk_tree,synthetic_barcode,one_substitution,10,4096,16,1,0.005,0.000,0.006299,1587.6,239.30,239.30,3616,379319,0
neighbor_lookup,synthetic_barcode,one_substitution,10,4096,16,1,0.005,0.000,0.000805,12422.4,1.00,1.00,3616,379319,0
dotmatch_indexed,synthetic_barcode,one_substitution,10,4096,16,1,0.010,0.000,0.000191,52356.0,1.00,1.00,3616,374406,0
dotmatch_scan,synthetic_barcode,one_substitution,10,4096,16,1,0.010,0.000,0.006192,1615.0,4096.00,4096.00,3616,374406,0
edlib_native_scan,synthetic_barcode,one_substitution,10,4096,16,1,0.010,0.000,0.058401,171.2,4096.00,4096.00,3616,374406,0
bk_tree,synthetic_barcode,one_substitution,10,4096,16,1,0.010,0.000,0.006645,1504.9,224.90,224.90,3616,374406,0
neighbor_lookup,synthetic_barcode,one_substitution,10,4096,16,1,0.010,0.000,0.000620,16129.0,1.00,1.00,3616,374406,0
dotmatch_indexed,synthetic_barcode,one_substitution,10,4096,16,1,0.030,0.000,0.000145,68965.5,1.00,1.00,3616,338094,0
dotmatch_scan,synthetic_barcode,one_substitution,10,4096,16,1,0.030,0.000,0.005724,1747.0,4096.00,4096.00,3616,338094,0
edlib_native_scan,synthetic_barcode,one_substitution,10,4096,16,1,0.030,0.000,0.061789,161.8,4096.00,4096.00,3616,338094,0
bk_tree,synthetic_barcode,one_substitution,10,4096,16,1,0.030,0.000,0.009944,1005.6,217.30,217.30,3808,338094,0
neighbor_lookup,synthetic_barcode,one_substitution,10,4096,16,1,0.030,0.000,0.000604,16556.3,1.00,1.00,3808,338094,0
dotmatch_indexed,synthetic_barcode,exact,10,96,24,0,0.000,0.000,0.000003,3333324.1,1.00,1.00,3824,12217,0
dotmatch_scan,synthetic_barcode,exact,10,96,24,0,0.000,0.000,0.000005,2000002.2,96.00,96.00,3824,12217,0
edlib_native_scan,synthetic_barcode,exact,10,96,24,0,0.000,0.000,0.001759,5685.0,96.00,96.00,3824,12217,0
exact_hash_lookup,synthetic_barcode,exact,10,96,24,0,0.000,0.000,0.000026,384615.3,1.00,1.00,3824,12217,0
dotmatch_indexed,synthetic_barcode,one_substitution,10,96,24,0,0.000,0.000,0.000002,4999998.3,0.00,0.00,3840,0,0
dotmatch_scan,synthetic_barcode,one_substitution,10,96,24,0,0.000,0.000,0.000005,2000002.2,96.00,96.00,3840,0,0
edlib_native_scan,synthetic_barcode,one_substitution,10,96,24,0,0.000,0.000,0.000787,12706.5,96.00,96.00,3840,0,0
exact_hash_lookup,synthetic_barcode,one_substitution,10,96,24,0,0.000,0.000,0.000022,454545.6,0.00,0.00,3840,0,0
dotmatch_indexed,synthetic_barcode,one_substitution,10,96,24,0,0.005,0.000,0.000002,4999998.3,0.00,0.00,3856,0,0
dotmatch_scan,synthetic_barcode,one_substitution,10,96,24,0,0.005,0.000,0.000005,1999996.4,96.00,96.00,3856,0,0
edlib_native_scan,synthetic_barcode,one_substitution,10,96,24,0,0.005,0.000,0.000899,11123.5,96.00,96.00,3856,0,0
exact_hash_lookup,synthetic_barcode,one_substitution,10,96,24,0,0.005,0.000,0.000024,416666.5,0.00,0.00,3856,0,0
dotmatch_indexed,synthetic_barcode,one_substitution,10,96,24,0,0.010,0.000,0.000003,3333324.1,0.00,0.00,3856,0,0
dotmatch_scan,synthetic_barcode,one_substitution,10,96,24,0,0.010,0.000,0.000004,2500008.2,96.00,96.00,3856,0,0
edlib_native_scan,synthetic_barcode,one_substitution,10,96,24,0,0.010,0.000,0.002129,4697.0,96.00,96.00,3856,0,0
exact_hash_lookup,synthetic_barcode,one_substitution,10,96,24,0,0.010,0.000,0.000021,476190.5,0.00,0.00,3856,0,0
dotmatch_indexed,synthetic_barcode,one_substitution,10,96,24,0,0.030,0.000,0.000002,4999998.3,0.00,0.00,3856,0,0
dotmatch_scan,synthetic_barcode,one_substitution,10,96,24,0,0.030,0.000,0.000005,2000002.2,96.00,96.00,3856,0,0
edlib_native_scan,synthetic_barcode,one_substitution,10,96,24,0,0.030,0.000,0.000766,13054.8,96.00,96.00,3856,0,0
exact_hash_lookup,synthetic_barcode,one_substitution,10,96,24,0,0.030,0.000,0.000019,526315.8,0.00,0.00,3856,0,0
dotmatch_indexed,synthetic_barcode,exact,10,96,24,1,0.000,0.000,0.000162,61728.4,1.00,1.00,3888,12812,0
dotmatch_scan,synthetic_barcode,exact,10,96,24,1,0.000,0.000,0.000150,66666.7,96.00,96.00,3888,12812,0
edlib_native_scan,synthetic_barcode,exact,10,96,24,1,0.000,0.000,0.001150,8695.7,96.00,96.00,3888,12812,0
bk_tree,synthetic_barcode,exact,10,96,24,1,0.000,0.000,0.000136,73529.4,18.80,18.80,3888,12812,0
neighbor_lookup,synthetic_barcode,exact,10,96,24,1,0.000,0.000,0.001013,9871.7,1.00,1.00,3968,12812,0
dotmatch_indexed,synthetic_barcode,one_substitution,10,96,24,1,0.000,0.000,0.000156,64102.6,1.00,1.00,3968,9552,0
dotmatch_scan,synthetic_barcode,one_substitution,10,96,24,1,0.000,0.000,0.000137,72992.7,96.00,96.00,3968,9552,0
edlib_native_scan,synthetic_barcode,one_substitution,10,96,24,1,0.000,0.000,0.001893,5282.6,96.00,96.00,3968,9552,0
bk_tree,synthetic_barcode,one_substitution,10,96,24,1,0.000,0.000,0.000181,55248.6,14.30,14.30,3968,9552,0
neighbor_lookup,synthetic_barcode,one_substitution,10,96,24,1,0.000,0.000,0.000362,27624.3,1.00,1.00,3968,9552,0
dotmatch_indexed,synthetic_barcode,one_substitution,10,96,24,1,0.005,0.000,0.000180,55555.6,1.00,1.00,3968,10198,0
dotmatch_scan,synthetic_barcode,one_substitution,10,96,24,1,0.005,0.000,0.000276,36231.9,96.00,96.00,3968,10198,0
edlib_native_scan,synthetic_barcode,one_substitution,10,96,24,1,0.005,0.000,0.001371,7293.9,96.00,96.00,3968,10198,0
bk_tree,synthetic_barcode,one_substitution,10,96,24,1,0.005,0.000,0.000203,49261.1,17.50,17.50,3968,10198,0
neighbor_lookup,synthetic_barcode,one_substitution,10,96,24,1,0.005,0.000,0.000300,33333.3,1.00,1.00,3968,10198,0
dotmatch_indexed,synthetic_barcode,one_substitution,10,96,24,1,0.010,0.000,0.000239,41841.0,1.00,1.00,3968,10538,0
dotmatch_scan,synthetic_barcode,one_substitution,10,96,24,1,0.010,0.000,0.000140,71428.6,96.00,96.00,3968,10538,0
edlib_native_scan,synthetic_barcode,one_substitution,10,96,24,1,0.010,0.000,0.001156,8650.5,96.00,96.00,3968,10538,0
bk_tree,synthetic_barcode,one_substitution,10,96,24,1,0.010,0.000,0.000113,88495.6,14.40,14.40,3968,10538,0
neighbor_lookup,synthetic_barcode,one_substitution,10,96,24,1,0.010,0.000,0.000307,32573.3,1.00,1.00,3968,10538,0
dotmatch_indexed,synthetic_barcode,one_substitution,10,96,24,1,0.030,0.000,0.000215,46511.6,1.00,1.00,3968,10334,0
dotmatch_scan,synthetic_barcode,one_substitution,10,96,24,1,0.030,0.000,0.000141,70922.0,96.00,96.00,3968,10334,0
edlib_native_scan,synthetic_barcode,one_substitution,10,96,24,1,0.030,0.000,0.001602,6242.2,96.00,96.00,3968,10334,0
bk_tree,synthetic_barcode,one_substitution,10,96,24,1,0.030,0.000,0.000124,80645.2,17.20,17.20,3968,10334,0
neighbor_lookup,synthetic_barcode,one_substitution,10,96,24,1,0.030,0.000,0.000357,28011.2,1.00,1.00,3968,10334,0
dotmatch_indexed,synthetic_barcode,exact,10,737,24,0,0.000,0.000,0.000005,2000002.2,1.00,1.00,4016,76613,0
dotmatch_scan,synthetic_barcode,exact,10,737,24,0,0.000,0.000,0.000041,243902.4,737.00,737.00,4016,76613,0
edlib_native_scan,synthetic_barcode,exact,10,737,24,0,0.000,0.000,0.008334,1199.9,737.00,737.00,4016,76613,0
exact_hash_lookup,synthetic_barcode,exact,10,737,24,0,0.000,0.000,0.000221,45248.9,1.00,1.00,4048,76613,0
dotmatch_indexed,synthetic_barcode,one_substitution,10,737,24,0,0.000,0.000,0.000002,4999998.3,0.00,0.00,4048,0,0
dotmatch_scan,synthetic_barcode,one_substitution,10,737,24,0,0.000,0.000,0.000034,294117.7,737.00,737.00,4048,0,0
edlib_native_scan,synthetic_barcode,one_substitution,10,737,24,0,0.000,0.000,0.007773,1286.5,737.00,737.00,4048,0,0
exact_hash_lookup,synthetic_barcode,one_substitution,10,737,24,0,0.000,0.000,0.000131,76335.9,0.00,0.00,4048,0,0
dotmatch_indexed,synthetic_barcode,one_substitution,10,737,24,0,0.005,0.000,0.000003,3333340.3,0.00,0.00,4064,0,0
dotmatch_scan,synthetic_barcode,one_substitution,10,737,24,0,0.005,0.000,0.000034,294117.7,737.00,737.00,4064,0,0
edlib_native_scan,synthetic_barcode,one_substitution,10,737,24,0,0.005,0.000,0.005828,1715.9,737.00,737.00,4064,0,0
exact_hash_lookup,synthetic_barcode,one_substitution,10,737,24,0,0.005,0.000,0.000177,56497.2,0.00,0.00,4064,0,0
dotmatch_indexed,synthetic_barcode,one_substitution,10,737,24,0,0.010,0.000,0.000003,3333324.1,0.00,0.00,4064,0,0
dotmatch_scan,synthetic_barcode,one_substitution,10,737,24,0,0.010,0.000,0.000036,277777.8,737.00,737.00,4064,0,0
edlib_native_scan,synthetic_barcode,one_substitution,10,737,24,0,0.010,0.000,0.007879,1269.2,737.00,737.00,4064,0,0
exact_hash_lookup,synthetic_barcode,one_substitution,10,737,24,0,0.010,0.000,0.000154,64935.1,0.00,0.00,4064,0,0
dotmatch_indexed,synthetic_barcode,one_substitution,10,737,24,0,0.030,0.000,0.000005,2000002.2,0.00,0.00,4064,0,0
dotmatch_scan,synthetic_barcode,one_substitution,10,737,24,0,0.030,0.000,0.000041,243902.4,737.00,737.00,4064,0,0
edlib_native_scan,synthetic_barcode,one_substitution,10,737,24,0,0.030,0.000,0.006235,1603.8,737.00,737.00,4064,0,0
exact_hash_lookup,synthetic_barcode,one_substitution,10,737,24,0,0.030,0.000,0.000856,11682.2,0.00,0.00,4064,0,0
dotmatch_indexed,synthetic_barcode,exact,10,737,24,1,0.000,0.000,0.000170,58823.5,1.00,1.00,4064,58814,0
dotmatch_scan,synthetic_barcode,exact,10,737,24,1,0.000,0.000,0.001197,8354.2,737.00,737.00,4064,58814,0
edlib_native_scan,synthetic_barcode,exact,10,737,24,1,0.000,0.000,0.011570,864.3,737.00,737.00,4064,58814,0
bk_tree,synthetic_barcode,exact,10,737,24,1,0.000,0.000,0.001025,9756.1,62.90,62.90,4064,58814,0
neighbor_lookup,synthetic_barcode,exact,10,737,24,1,0.000,0.000,0.000357,28011.2,1.00,1.00,4080,58814,0
dotmatch_indexed,synthetic_barcode,one_substitution,10,737,24,1,0.000,0.000,0.000178,56179.8,1.00,1.00,4080,80510,0
dotmatch_scan,synthetic_barcode,one_substitution,10,737,24,1,0.000,0.000,0.001029,9718.2,737.00,737.00,4080,80510,0
edlib_native_scan,synthetic_barcode,one_substitution,10,737,24,1,0.000,0.000,0.012151,823.0,737.00,737.00,4080,80510,0
bk_tree,synthetic_barcode,one_substitution,10,737,24,1,0.000,0.000,0.000974,10266.9,64.90,64.90,4080,80510,0
neighbor_lookup,synthetic_barcode,one_substitution,10,737,24,1,0.000,0.000,0.000325,30769.2,1.00,1.00,4080,80510,0
dotmatch_indexed,synthetic_barcode,one_substitution,10,737,24,1,0.005,0.000,0.000168,59523.8,1.00,1.00,4080,56472,0
dotmatch_scan,synthetic_barcode,one_substitution,10,737,24,1,0.005,0.000,0.001036,9652.5,737.00,737.00,4080,56472,0
edlib_native_scan,synthetic_barcode,one_substitution,10,737,24,1,0.005,0.000,0.011615,861.0,737.00,737.00,4080,56472,0
bk_tree,synthetic_barcode,one_substitution,10,737,24,1,0.005,0.000,0.001504,6648.9,49.40,49.40,4080,56472,0
neighbor_lookup,synthetic_barcode,one_substitution,10,737,24,1,0.005,0.000,0.000457,21881.8,1.00,1.00,4080,56472,0
dotmatch_indexed,synthetic_barcode,one_substitution,10,737,24,1,0.010,0.000,0.000293,34129.7,1.00,1.00,4080,76073,0
dotmatch_scan,synthetic_barcode,one_substitution,10,737,24,1,0.010,0.000,0.001240,8064.5,737.00,737.00,4080,76073,0
edlib_native_scan,synthetic_barcode,one_substitution,10,737,24,1,0.010,0.000,0.011289,885.8,737.00,737.00,4080,76073,0
bk_tree,synthetic_barcode,one_substitution,10,737,24,1,0.010,0.000,0.001809,5527.9,64.70,64.70,4080,76073,0
neighbor_lookup,synthetic_barcode,one_substitution,10,737,24,1,0.010,0.000,0.000399,25062.7,1.00,1.00,4080,76073,0
dotmatch_indexed,synthetic_barcode,one_substitution,10,737,24,1,0.030,0.000,0.000284,35211.3,1.00,1.00,4080,66825,0
dotmatch_scan,synthetic_barcode,one_substitution,10,737,24,1,0.030,0.000,0.001223,8176.6,737.00,737.00,4080,66825,0
edlib_native_scan,synthetic_barcode,one_substitution,10,737,24,1,0.030,0.000,0.010776,928.0,737.00,737.00,4080,66825,0
bk_tree,synthetic_barcode,one_substitution,10,737,24,1,0.030,0.000,0.001660,6024.1,58.60,58.60,4080,66825,0
neighbor_lookup,synthetic_barcode,one_substitution,10,737,24,1,0.030,0.000,0.000423,23640.7,1.00,1.00,4080,66825,0
dotmatch_indexed,synthetic_barcode,exact,10,4096,24,0,0.000,0.000,0.000005,2000002.2,1.00,1.00,4080,420336,0
dotmatch_scan,synthetic_barcode,exact,10,4096,24,0,0.000,0.000,0.000229,43668.1,4096.00,4096.00,4080,420336,0
edlib_native_scan,synthetic_barcode,exact,10,4096,24,0,0.000,0.000,0.040067,249.6,4096.00,4096.00,4080,420336,0
exact_hash_lookup,synthetic_barcode,exact,10,4096,24,0,0.000,0.000,0.000863,11587.5,1.00,1.00,4176,420336,0
dotmatch_indexed,synthetic_barcode,one_substitution,10,4096,24,0,0.000,0.000,0.000005,1999996.4,0.00,0.00,4176,0,0
dotmatch_scan,synthetic_barcode,one_substitution,10,4096,24,0,0.000,0.000,0.000252,39682.5,4096.00,4096.00,4176,0,0
edlib_native_scan,synthetic_barcode,one_substitution,10,4096,24,0,0.000,0.000,0.040972,244.1,4096.00,4096.00,4176,0,0
exact_hash_lookup,synthetic_barcode,one_substitution,10,4096,24,0,0.000,0.000,0.000900,11111.1,0.00,0.00,4176,0,0
dotmatch_indexed,synthetic_barcode,one_substitution,10,4096,24,0,0.005,0.000,0.000005,2000002.2,0.00,0.00,4176,0,0
dotmatch_scan,synthetic_barcode,one_substitution,10,4096,24,0,0.005,0.000,0.000221,45248.9,4096.00,4096.00,4176,0,0
edlib_native_scan,synthetic_barcode,one_substitution,10,4096,24,0,0.005,0.000,0.042847,233.4,4096.00,4096.00,4176,0,0
exact_hash_lookup,synthetic_barcode,one_substitution,10,4096,24,0,0.005,0.000,0.000945,10582.0,0.00,0.00,4176,0,0
dotmatch_indexed,synthetic_barcode,one_substitution,10,4096,24,0,0.010,0.000,0.000005,2000002.2,0.00,0.00,4176,0,0
dotmatch_scan,synthetic_barcode,one_substitution,10,4096,24,0,0.010,0.000,0.000222,45045.0,4096.00,4096.00,4176,0,0
edlib_native_scan,synthetic_barcode,one_substitution,10,4096,24,0,0.010,0.000,0.039237,254.9,4096.00,4096.00,4176,0,0
exact_hash_lookup,synthetic_barcode,one_substitution,10,4096,24,0,0.010,0.000,0.000902,11086.5,0.00,0.00,4176,0,0
dotmatch_indexed,synthetic_barcode,one_substitution,10,4096,24,0,0.030,0.000,0.000005,1999996.4,0.00,0.00,4176,0,0
dotmatch_scan,synthetic_barcode,one_substitution,10,4096,24,0,0.030,0.000,0.000243,41152.3,4096.00,4096.00,4176,0,0
edlib_native_scan,synthetic_barcode,one_substitution,10,4096,24,0,0.030,0.000,0.047296,211.4,4096.00,4096.00,4176,0,0
exact_hash_lookup,synthetic_barcode,one_substitution,10,4096,24,0,0.030,0.000,0.000917,10905.1,0.00,0.00,4176,0,0
dotmatch_indexed,synthetic_barcode,exact,10,4096,24,1,0.000,0.000,0.000332,30120.5,1.00,1.00,4176,292853,0
dotmatch_scan,synthetic_barcode,exact,10,4096,24,1,0.000,0.000,0.007213,1386.4,4096.00,4096.00,4176,292853,0
edlib_native_scan,synthetic_barcode,exact,10,4096,24,1,0.000,0.000,0.069418,144.1,4096.00,4096.00,4176,292853,0
bk_tree,synthetic_barcode,exact,10,4096,24,1,0.000,0.000,0.012385,807.4,148.40,148.40,4208,292853,0
neighbor_lookup,synthetic_barcode,exact,10,4096,24,1,0.000,0.000,0.001358,7363.8,1.00,1.00,4320,292853,0
dotmatch_indexed,synthetic_barcode,one_substitution,10,4096,24,1,0.000,0.000,0.000393,25445.3,1.00,1.00,4320,317303,0
dotmatch_scan,synthetic_barcode,one_substitution,10,4096,24,1,0.000,0.000,0.007627,1311.1,4096.00,4096.00,4320,317303,0
edlib_native_scan,synthetic_barcode,one_substitution,10,4096,24,1,0.000,0.000,0.062106,161.0,4096.00,4096.00,4320,317303,0
bk_tree,synthetic_barcode,one_substitution,10,4096,24,1,0.000,0.000,0.010597,943.7,159.00,159.00,4336,317303,0
neighbor_lookup,synthetic_barcode,one_substitution,10,4096,24,1,0.000,0.000,0.001277,7830.9,1.00,1.00,4336,317303,0
dotmatch_indexed,synthetic_barcode,one_substitution,10,4096,24,1,0.005,0.000,0.000307,32573.3,1.00,1.00,4336,318561,0
dotmatch_scan,synthetic_barcode,one_substitution,10,4096,24,1,0.005,0.000,0.007247,1379.9,4096.00,4096.00,4336,318561,0
edlib_native_scan,synthetic_barcode,one_substitution,10,4096,24,1,0.005,0.000,0.056956,175.6,4096.00,4096.00,4336,318561,0
bk_tree,synthetic_barcode,one_substitution,10,4096,24,1,0.005,0.000,0.011793,848.0,164.50,164.50,4368,318561,0
neighbor_lookup,synthetic_barcode,one_substitution,10,4096,24,1,0.005,0.000,0.001161,8613.3,1.00,1.00,4368,318561,0
dotmatch_indexed,synthetic_barcode,one_substitution,10,4096,24,1,0.010,0.000,0.000375,26666.7,1.00,1.00,4368,284153,0
dotmatch_scan,synthetic_barcode,one_substitution,10,4096,24,1,0.010,0.000,0.006491,1540.6,4096.00,4096.00,4368,284153,0
edlib_native_scan,synthetic_barcode,one_substitution,10,4096,24,1,0.010,0.000,0.057158,175.0,4096.00,4096.00,4368,284153,0
bk_tree,synthetic_barcode,one_substitution,10,4096,24,1,0.010,0.000,0.010058,994.2,159.60,159.60,4400,284153,0
neighbor_lookup,synthetic_barcode,one_substitution,10,4096,24,1,0.010,0.000,0.000859,11641.4,1.00,1.00,4400,284153,0
dotmatch_indexed,synthetic_barcode,one_substitution,10,4096,24,1,0.030,0.000,0.000287,34843.2,1.00,1.00,4400,398495,0
dotmatch_scan,synthetic_barcode,one_substitution,10,4096,24,1,0.030,0.000,0.006549,1527.0,4096.00,4096.00,4400,398495,0
edlib_native_scan,synthetic_barcode,one_substitution,10,4096,24,1,0.030,0.000,0.054331,184.1,4096.00,4096.00,4400,398495,0
bk_tree,synthetic_barcode,one_substitution,10,4096,24,1,0.030,0.000,0.008269,1209.3,154.40,154.40,4400,398495,0
neighbor_lookup,synthetic_barcode,one_substitution,10,4096,24,1,0.030,0.000,0.000857,11668.6,1.00,1.00,4400,398495,0
dotmatch_indexed,synthetic_barcode,exact,10,96,32,0,0.000,0.000,0.000005,2000002.2,1.00,1.00,4400,8664,0
dotmatch_scan,synthetic_barcode,exact,10,96,32,0,0.000,0.000,0.000005,2000002.2,96.00,96.00,4400,8664,0
edlib_native_scan,synthetic_barcode,exact,10,96,32,0,0.000,0.000,0.000778,12853.5,96.00,96.00,4400,8664,0
exact_hash_lookup,synthetic_barcode,exact,10,96,32,0,0.000,0.000,0.000019,526315.8,1.00,1.00,4400,8664,0
dotmatch_indexed,synthetic_barcode,one_substitution,10,96,32,0,0.000,0.000,0.000004,2499999.2,0.00,0.00,4416,0,0
dotmatch_scan,synthetic_barcode,one_substitution,10,96,32,0,0.000,0.000,0.000004,2499999.2,96.00,96.00,4416,0,0
edlib_native_scan,synthetic_barcode,one_substitution,10,96,32,0,0.000,0.000,0.000794,12594.5,96.00,96.00,4416,0,0
exact_hash_lookup,synthetic_barcode,one_substitution,10,96,32,0,0.000,0.000,0.000018,555555.8,0.00,0.00,4416,0,0
dotmatch_indexed,synthetic_barcode,one_substitution,10,96,32,0,0.005,0.000,0.000004,2499999.2,0.00,0.00,4416,0,0
dotmatch_scan,synthetic_barcode,one_substitution,10,96,32,0,0.005,0.000,0.000005,2000002.2,96.00,96.00,4416,0,0
edlib_native_scan,synthetic_barcode,one_substitution,10,96,32,0,0.005,0.000,0.000883,11325.0,96.00,96.00,4416,0,0
exact_hash_lookup,synthetic_barcode,one_substitution,10,96,32,0,0.005,0.000,0.000022,454545.3,0.00,0.00,4416,0,0
dotmatch_indexed,synthetic_barcode,one_substitution,10,96,32,0,0.010,0.000,0.000002,4999998.3,0.00,0.00,4416,0,0
dotmatch_scan,synthetic_barcode,one_substitution,10,96,32,0,0.010,0.000,0.000005,1999996.4,96.00,96.00,4416,0,0
edlib_native_scan,synthetic_barcode,one_substitution,10,96,32,0,0.010,0.000,0.001140,8771.9,96.00,96.00,4416,0,0
exact_hash_lookup,synthetic_barcode,one_substitution,10,96,32,0,0.010,0.000,0.000023,434782.6,0.00,0.00,4416,0,0
dotmatch_indexed,synthetic_barcode,one_substitution,10,96,32,0,0.030,0.000,0.000004,2499999.2,0.00,0.00,4416,0,0
dotmatch_scan,synthetic_barcode,one_substitution,10,96,32,0,0.030,0.000,0.000004,2499999.2,96.00,96.00,4416,0,0
edlib_native_scan,synthetic_barcode,one_substitution,10,96,32,0,0.030,0.000,0.000855,11695.9,96.00,96.00,4416,0,0
exact_hash_lookup,synthetic_barcode,one_substitution,10,96,32,0,0.030,0.000,0.000056,178571.4,0.00,0.00,4416,0,0
dotmatch_indexed,synthetic_barcode,exact,10,96,32,1,0.000,0.000,0.000081,123456.8,1.00,1.00,4448,11333,0
dotmatch_scan,synthetic_barcode,exact,10,96,32,1,0.000,0.000,0.000119,84033.6,96.00,96.00,4448,11333,0
edlib_native_scan,synthetic_barcode,exact,10,96,32,1,0.000,0.000,0.001073,9319.7,96.00,96.00,4448,11333,0
bk_tree,synthetic_barcode,exact,10,96,32,1,0.000,0.000,0.000188,53191.5,14.60,14.60,4448,11333,0
neighbor_lookup,synthetic_barcode,exact,10,96,32,1,0.000,0.000,0.000317,31545.7,1.00,1.00,4464,11333,0
dotmatch_indexed,synthetic_barcode,one_substitution,10,96,32,1,0.000,0.000,0.000082,121951.2,1.00,1.00,4464,9535,0
dotmatch_scan,synthetic_barcode,one_substitution,10,96,32,1,0.000,0.000,0.000110,90909.1,96.00,96.00,4464,9535,0
edlib_native_scan,synthetic_barcode,one_substitution,10,96,32,1,0.000,0.000,0.000998,10020.0,96.00,96.00,4464,9535,0
bk_tree,synthetic_barcode,one_substitution,10,96,32,1,0.000,0.000,0.000155,64516.1,15.40,15.40,4464,9535,0
neighbor_lookup,synthetic_barcode,one_substitution,10,96,32,1,0.000,0.000,0.000290,34482.8,1.00,1.00,4464,9535,0
dotmatch_indexed,synthetic_barcode,one_substitution,10,96,32,1,0.005,0.000,0.000082,121951.2,1.00,1.00,4464,9960,0
dotmatch_scan,synthetic_barcode,one_substitution,10,96,32,1,0.005,0.000,0.000110,90909.1,96.00,96.00,4464,9960,0
edlib_native_scan,synthetic_barcode,one_substitution,10,96,32,1,0.005,0.000,0.001005,9950.2,96.00,96.00,4464,9960,0
bk_tree,synthetic_barcode,one_substitution,10,96,32,1,0.005,0.000,0.000158,63291.1,15.30,15.30,4464,9960,0
neighbor_lookup,synthetic_barcode,one_substitution,10,96,32,1,0.005,0.000,0.000284,35211.3,1.00,1.00,4464,9960,0
dotmatch_indexed,synthetic_barcode,one_substitution,10,96,32,1,0.010,0.000,0.000081,123456.8,1.00,1.00,4464,12629,0
dotmatch_scan,synthetic_barcode,one_substitution,10,96,32,1,0.010,0.000,0.000111,90090.1,96.00,96.00,4464,12629,0
edlib_native_scan,synthetic_barcode,one_substitution,10,96,32,1,0.010,0.000,0.001408,7102.3,96.00,96.00,4464,12629,0
bk_tree,synthetic_barcode,one_substitution,10,96,32,1,0.010,0.000,0.000186,53763.4,11.40,11.40,4464,12629,0
neighbor_lookup,synthetic_barcode,one_substitution,10,96,32,1,0.010,0.000,0.000386,25906.7,1.00,1.00,4464,12629,0
dotmatch_indexed,synthetic_barcode,one_substitution,10,96,32,1,0.030,0.000,0.000113,88495.6,1.00,1.00,4464,9654,0
dotmatch_scan,synthetic_barcode,one_substitution,10,96,32,1,0.030,0.000,0.000111,90090.1,96.00,96.00,4464,9654,0
edlib_native_scan,synthetic_barcode,one_substitution,10,96,32,1,0.030,0.000,0.001021,9794.3,96.00,96.00,4464,9654,0
bk_tree,synthetic_barcode,one_substitution,10,96,32,1,0.030,0.000,0.000161,62111.8,16.00,16.00,4464,9654,0
neighbor_lookup,synthetic_barcode,one_substitution,10,96,32,1,0.030,0.000,0.000280,35714.3,1.00,1.00,4464,9654,0
dotmatch_indexed,synthetic_barcode,exact,10,737,32,0,0.000,0.000,0.000004,2499999.2,1.00,1.00,4528,51657,0
dotmatch_scan,synthetic_barcode,exact,10,737,32,0,0.000,0.000,0.000027,370370.3,737.00,737.00,4528,51657,0
edlib_native_scan,synthetic_barcode,exact,10,737,32,0,0.000,0.000,0.005187,1927.9,737.00,737.00,4528,51657,0
exact_hash_lookup,synthetic_barcode,exact,10,737,32,0,0.000,0.000,0.000173,57803.5,1.00,1.00,4528,51657,0
dotmatch_indexed,synthetic_barcode,one_substitution,10,737,32,0,0.000,0.000,0.000003,3333340.3,0.00,0.00,4528,0,0
dotmatch_scan,synthetic_barcode,one_substitution,10,737,32,0,0.000,0.000,0.000034,294117.5,737.00,737.00,4528,0,0
edlib_native_scan,synthetic_barcode,one_substitution,10,737,32,0,0.000,0.000,0.005149,1942.1,737.00,737.00,4528,0,0
exact_hash_lookup,synthetic_barcode,one_substitution,10,737,32,0,0.000,0.000,0.000108,92592.6,0.00,0.00,4528,0,0
dotmatch_indexed,synthetic_barcode,one_substitution,10,737,32,0,0.005,0.000,0.000004,2499999.2,0.00,0.00,4528,0,0
dotmatch_scan,synthetic_barcode,one_substitution,10,737,32,0,0.005,0.000,0.000031,322580.8,737.00,737.00,4528,0,0
edlib_native_scan,synthetic_barcode,one_substitution,10,737,32,0,0.005,0.000,0.006088,1642.6,737.00,737.00,4528,0,0
exact_hash_lookup,synthetic_barcode,one_substitution,10,737,32,0,0.005,0.000,0.000108,92592.6,0.00,0.00,4528,0,0
dotmatch_indexed,synthetic_barcode,one_substitution,10,737,32,0,0.010,0.000,0.000004,2499999.2,0.00,0.00,4528,0,0
dotmatch_scan,synthetic_barcode,one_substitution,10,737,32,0,0.010,0.000,0.000031,322580.6,737.00,737.00,4528,0,0
edlib_native_scan,synthetic_barcode,one_substitution,10,737,32,0,0.010,0.000,0.005453,1833.9,737.00,737.00,4528,0,0
exact_hash_lookup,synthetic_barcode,one_substitution,10,737,32,0,0.010,0.000,0.000104,96153.8,0.00,0.00,4528,0,0
dotmatch_indexed,synthetic_barcode,one_substitution,10,737,32,0,0.030,0.000,0.000004,2499999.2,0.00,0.00,4528,0,0
dotmatch_scan,synthetic_barcode,one_substitution,10,737,32,0,0.030,0.000,0.000031,322580.6,737.00,737.00,4528,0,0
edlib_native_scan,synthetic_barcode,one_substitution,10,737,32,0,0.030,0.000,0.004833,2069.1,737.00,737.00,4528,0,0
exact_hash_lookup,synthetic_barcode,one_substitution,10,737,32,0,0.030,0.000,0.000101,99009.9,0.00,0.00,4528,0,0
dotmatch_indexed,synthetic_barcode,exact,10,737,32,1,0.000,0.000,0.000090,111111.1,1.00,1.00,4528,71275,0
dotmatch_scan,synthetic_barcode,exact,10,737,32,1,0.000,0.000,0.000964,10373.4,737.00,737.00,4528,71275,0
edlib_native_scan,synthetic_barcode,exact,10,737,32,1,0.000,0.000,0.008246,1212.7,737.00,737.00,4528,71275,0
bk_tree,synthetic_barcode,exact,10,737,32,1,0.000,0.000,0.001522,6570.3,51.10,51.10,4528,71275,0
neighbor_lookup,synthetic_barcode,exact,10,737,32,1,0.000,0.000,0.000399,25062.7,1.00,1.00,4576,71275,0
dotmatch_indexed,synthetic_barcode,one_substitution,10,737,32,1,0.000,0.000,0.000080,125000.0,1.00,1.00,4576,59481,0
dotmatch_scan,synthetic_barcode,one_substitution,10,737,32,1,0.000,0.000,0.000789,12674.3,737.00,737.00,4576,59481,0
edlib_native_scan,synthetic_barcode,one_substitution,10,737,32,1,0.000,0.000,0.008075,1238.4,737.00,737.00,4576,59481,0
bk_tree,synthetic_barcode,one_substitution,10,737,32,1,0.000,0.000,0.001249,8006.4,49.30,49.30,4576,59481,0
neighbor_lookup,synthetic_barcode,one_substitution,10,737,32,1,0.000,0.000,0.000381,26246.7,1.00,1.00,4576,59481,0
dotmatch_indexed,synthetic_barcode,one_substitution,10,737,32,1,0.005,0.000,0.000082,121951.2,1.00,1.00,4576,79184,0
dotmatch_scan,synthetic_barcode,one_substitution,10,737,32,1,0.005,0.000,0.000836,11961.7,737.00,737.00,4576,79184,0
edlib_native_scan,synthetic_barcode,one_substitution,10,737,32,1,0.005,0.000,0.008426,1186.8,737.00,737.00,4576,79184,0
bk_tree,synthetic_barcode,one_substitution,10,737,32,1,0.005,0.000,0.001418,7052.2,59.10,59.10,4576,79184,0
neighbor_lookup,synthetic_barcode,one_substitution,10,737,32,1,0.005,0.000,0.000502,19920.3,1.00,1.00,4576,79184,0
dotmatch_indexed,synthetic_barcode,one_substitution,10,737,32,1,0.010,0.000,0.000124,80645.2,1.00,1.00,4576,70361,0
dotmatch_scan,synthetic_barcode,one_substitution,10,737,32,1,0.010,0.000,0.001055,9478.7,737.00,737.00,4576,70361,0
edlib_native_scan,synthetic_barcode,one_substitution,10,737,32,1,0.010,0.000,0.010223,978.2,737.00,737.00,4576,70361,0
bk_tree,synthetic_barcode,one_substitution,10,737,32,1,0.010,0.000,0.001472,6793.5,43.50,43.50,4576,70361,0
neighbor_lookup,synthetic_barcode,one_substitution,10,737,32,1,0.010,0.000,0.000460,21739.1,1.00,1.00,4576,70361,0
dotmatch_indexed,synthetic_barcode,one_substitution,10,737,32,1,0.030,0.000,0.000097,103092.8,1.00,1.00,4576,83094,0
dotmatch_scan,synthetic_barcode,one_substitution,10,737,32,1,0.030,0.000,0.001023,9775.2,737.00,737.00,4576,83094,0
edlib_native_scan,synthetic_barcode,one_substitution,10,737,32,1,0.030,0.000,0.009814,1019.0,737.00,737.00,4576,83094,0
bk_tree,synthetic_barcode,one_substitution,10,737,32,1,0.030,0.000,0.001722,5807.2,50.20,50.20,4576,83094,0
neighbor_lookup,synthetic_barcode,one_substitution,10,737,32,1,0.030,0.000,0.000525,19047.6,1.00,1.00,4576,83094,0
dotmatch_indexed,synthetic_barcode,exact,10,4096,32,0,0.000,0.000,0.000004,2499999.2,1.00,1.00,4720,273048,0
dotmatch_scan,synthetic_barcode,exact,10,4096,32,0,0.000,0.000,0.000184,54347.8,4096.00,4096.00,4720,273048,0
edlib_native_scan,synthetic_barcode,exact,10,4096,32,0,0.000,0.000,0.031727,315.2,4096.00,4096.00,4720,273048,0
exact_hash_lookup,synthetic_barcode,exact,10,4096,32,0,0.000,0.000,0.000594,16835.0,1.00,1.00,4912,273048,0
dotmatch_indexed,synthetic_barcode,one_substitution,10,4096,32,0,0.000,0.000,0.000004,2499999.2,0.00,0.00,4912,0,0
dotmatch_scan,synthetic_barcode,one_substitution,10,4096,32,0,0.000,0.000,0.000149,67114.1,4096.00,4096.00,4912,0,0
edlib_native_scan,synthetic_barcode,one_substitution,10,4096,32,0,0.000,0.000,0.033807,295.8,4096.00,4096.00,4912,0,0
exact_hash_lookup,synthetic_barcode,one_substitution,10,4096,32,0,0.000,0.000,0.000681,14684.3,0.00,0.00,4912,0,0
dotmatch_indexed,synthetic_barcode,one_substitution,10,4096,32,0,0.005,0.000,0.000005,1999996.4,0.00,0.00,4912,0,0
dotmatch_scan,synthetic_barcode,one_substitution,10,4096,32,0,0.005,0.000,0.000181,55248.6,4096.00,4096.00,4912,0,0
edlib_native_scan,synthetic_barcode,one_substitution,10,4096,32,0,0.005,0.000,0.043781,228.4,4096.00,4096.00,4912,0,0
exact_hash_lookup,synthetic_barcode,one_substitution,10,4096,32,0,0.005,0.000,0.000953,10493.2,0.00,0.00,4912,0,0
dotmatch_indexed,synthetic_barcode,one_substitution,10,4096,32,0,0.010,0.000,0.000006,1666666.1,0.00,0.00,4912,0,0
dotmatch_scan,synthetic_barcode,one_substitution,10,4096,32,0,0.010,0.000,0.000223,44843.1,4096.00,4096.00,4912,0,0
edlib_native_scan,synthetic_barcode,one_substitution,10,4096,32,0,0.010,0.000,0.042356,236.1,4096.00,4096.00,4912,0,0
exact_hash_lookup,synthetic_barcode,one_substitution,10,4096,32,0,0.010,0.000,0.001632,6127.5,0.00,0.00,4912,0,0
dotmatch_indexed,synthetic_barcode,one_substitution,10,4096,32,0,0.030,0.000,0.000006,1666670.1,0.00,0.00,4912,0,0
dotmatch_scan,synthetic_barcode,one_substitution,10,4096,32,0,0.030,0.000,0.000251,39840.6,4096.00,4096.00,4912,0,0
edlib_native_scan,synthetic_barcode,one_substitution,10,4096,32,0,0.030,0.000,0.038315,261.0,4096.00,4096.00,4912,0,0
exact_hash_lookup,synthetic_barcode,one_substitution,10,4096,32,0,0.030,0.000,0.000695,14388.5,0.00,0.00,4912,0,0
dotmatch_indexed,synthetic_barcode,exact,10,4096,32,1,0.000,0.000,0.000142,70422.5,1.00,1.00,4912,369795,0
dotmatch_scan,synthetic_barcode,exact,10,4096,32,1,0.000,0.000,0.005079,1968.9,4096.00,4096.00,4912,369795,0
edlib_native_scan,synthetic_barcode,exact,10,4096,32,1,0.000,0.000,0.042489,235.4,4096.00,4096.00,4912,369795,0
bk_tree,synthetic_barcode,exact,10,4096,32,1,0.000,0.000,0.007637,1309.4,108.90,108.90,4960,369795,0
neighbor_lookup,synthetic_barcode,exact,10,4096,32,1,0.000,0.000,0.000752,13297.9,1.00,1.00,5104,369795,0
dotmatch_indexed,synthetic_barcode,one_substitution,10,4096,32,1,0.000,0.000,0.000096,104166.7,1.00,1.00,5104,304400,0
dotmatch_scan,synthetic_barcode,one_substitution,10,4096,32,1,0.000,0.000,0.003845,2600.8,4096.00,4096.00,5104,304400,0
edlib_native_scan,synthetic_barcode,one_substitution,10,4096,32,1,0.000,0.000,0.039476,253.3,4096.00,4096.00,5104,304400,0
bk_tree,synthetic_barcode,one_substitution,10,4096,32,1,0.000,0.000,0.007580,1319.3,124.20,124.20,5104,304400,0
neighbor_lookup,synthetic_barcode,one_substitution,10,4096,32,1,0.000,0.000,0.000754,13262.6,1.00,1.00,5104,304400,0
dotmatch_indexed,synthetic_barcode,one_substitution,10,4096,32,1,0.005,0.000,0.000089,112359.6,1.00,1.00,5104,315382,0
dotmatch_scan,synthetic_barcode,one_substitution,10,4096,32,1,0.005,0.000,0.004284,2334.3,4096.00,4096.00,5104,315382,0
edlib_native_scan,synthetic_barcode,one_substitution,10,4096,32,1,0.005,0.000,0.040133,249.2,4096.00,4096.00,5104,315382,0
bk_tree,synthetic_barcode,one_substitution,10,4096,32,1,0.005,0.000,0.007489,1335.3,114.90,114.90,5104,315382,0
neighbor_lookup,synthetic_barcode,one_substitution,10,4096,32,1,0.005,0.000,0.000723,13831.3,1.00,1.00,5104,315382,0
dotmatch_indexed,synthetic_barcode,one_substitution,10,4096,32,1,0.010,0.000,0.000107,93457.9,1.00,1.00,5104,288420,0
dotmatch_scan,synthetic_barcode,one_substitution,10,4096,32,1,0.010,0.000,0.003760,2659.6,4096.00,4096.00,5104,288420,0
edlib_native_scan,synthetic_barcode,one_substitution,10,4096,32,1,0.010,0.000,0.040078,249.5,4096.00,4096.00,5104,288420,0
bk_tree,synthetic_barcode,one_substitution,10,4096,32,1,0.010,0.000,0.007347,1361.1,116.00,116.00,5120,288420,0
neighbor_lookup,synthetic_barcode,one_substitution,10,4096,32,1,0.010,0.000,0.000720,13888.9,1.00,1.00,5120,288420,0
dotmatch_indexed,synthetic_barcode,one_substitution,10,4096,32,1,0.030,0.000,0.000090,111111.1,1.00,1.00,5120,398172,0
dotmatch_scan,synthetic_barcode,one_substitution,10,4096,32,1,0.030,0.000,0.004545,2200.2,4096.00,4096.00,5120,398172,0
edlib_native_scan,synthetic_barcode,one_substitution,10,4096,32,1,0.030,0.000,0.043592,229.4,4096.00,4096.00,5120,398172,0
bk_tree,synthetic_barcode,one_substitution,10,4096,32,1,0.030,0.000,0.008165,1224.7,124.90,124.90,5120,398172,0
neighbor_lookup,synthetic_barcode,one_substitution,10,4096,32,1,0.030,0.000,0.000821,12180.3,1.00,1.00,5120,398172,0
